Gene,Accession,Chromosome,End,Start,Strand,fit_alpha,fit_beta,fit_gamma,fit_U_switch,fit_likelihood,fit_scaling
Elane,ENSMUSG00000020125,10,79888215,79886247,+,36.341872107636895,0.014631957167626353,0.0654243461260127,2391.2149908399515,2.075051288741942,1118.5184399905245
Car1,ENSMUSG00000027556,3,14808368,14766216,-,3.7127941507943576,0.014935765310350936,0.019241559373954834,246.09828374439348,1.2892956709156147,17.65254255829732
Prtn3,ENSMUSG00000057729,10,79883174,79874476,+,4.074942346563281,0.00852164238899292,0.013211706496533335,473.4055642030298,0.9404116526846846,406.5447910902217
Pf4,ENSMUSG00000029373,5,90773383,90772435,+,40.37872777238797,0.12509616976726742,0.20951292798784005,319.55367273861896,1.370770079591709,308.4727531095715
Mpo,ENSMUSG00000009350,11,87804413,87793581,+,1.1636976985540446,0.004764601714994616,0.005656525666906579,241.79580801955993,1.033836183875438,19.515126166783006
Malat1,ENSMUSG00000092341,19,5802672,5795690,-,3.3842948659191014,0.0034099568548719736,0.010579943811454388,982.5496508769472,1.4124916331105226,2.3785997038386784
Dntt,ENSMUSG00000025014,19,41059523,41029275,+,6.808919350429603,0.04984889819015276,0.09725086838651127,135.2252587652359,1.0044839018994607,11.437384152664542
Cpa3,ENSMUSG00000001865,3,20242181,20215620,-,5.150669345665548,0.015530488059151672,0.06128382397779417,328.3324151042441,1.3368669539511144,36.18946381403114
Car2,ENSMUSG00000027562,3,14900770,14886273,+,0.5835710917801061,0.0013576376104739143,0.0024506891294688226,425.54461986408387,0.7135118086832466,54.07341238401174
Ms4a3,ENSMUSG00000024681,19,11640851,11629496,-,0.49267464490522656,0.009042580091887182,0.010738672949552174,53.93901889724723,0.9451198958695887,18.442232927659475
Plac8,ENSMUSG00000029322,5,100572245,100553725,-,0.9175071123281494,0.004395246287983858,0.007127165471658815,206.66237605117882,0.7435884660154236,64.47032347729707
Lmo4,ENSMUSG00000028266,3,144205220,144188530,-,6.77779033197457,0.1187386670146272,0.14252555924940022,56.510760962376565,1.4917041511329017,11.431900683643963
Srgn,ENSMUSG00000020077,10,62527451,62493833,-,1.3179056096130248,0.004249789623034046,0.007985325563426732,307.0096803016365,0.4038956841984704,20.038732746058955
H2afy,ENSMUSG00000015937,13,56136361,56073619,-,1.2727975986658175,0.005407334512898234,0.011695840950342384,233.0297154121846,0.8949298108701461,68.47090466349829
Ms4a2,ENSMUSG00000024680,19,11623719,11615523,-,1.2952499983446342,0.07474824310885511,0.08074760306463594,17.15488478429909,1.4086876084131903,3.4427812667583155
Hist1h2bc,ENSMUSG00000018102,13,23692908,23684199,+,0.052232920521326345,0.0022761106434077893,0.0034343239207545767,22.71883902739107,0.5899680977834242,3.5502615156369117
Rgcc,ENSMUSG00000022018,14,79301645,79288756,-,0.36431468002909434,0.006401285279641467,0.016343003937362047,56.34361186430429,1.038134316665409,65.41073377188823
Hlf,ENSMUSG00000003949,11,90390895,90336536,-,0.22388990875193907,0.014816207234635703,0.012799673183895324,14.960037083327794,0.7572891347898193,2.497757640715425
Cd74,ENSMUSG00000024610,18,60812646,60803848,+,13.379026045768212,0.4697159121159057,0.7474407364829655,28.19839703885138,1.4137489684326048,0.47097006565630106
Actb,ENSMUSG00000029580,5,142906754,142903115,-,0.5608967946582429,0.0008710001388527563,0.0023188775121471515,637.5289761067796,0.6110155959934647,19.100805820621666
Alas1,ENSMUSG00000032786,9,106248654,106233455,-,0.18430463894933327,0.005597833746095462,0.012100095051290909,32.59503601497784,1.1838366594192051,15.813159466314024
Vim,ENSMUSG00000026728,2,13582826,13573927,+,0.2184487414479671,0.0073003224054074695,0.007944207379957637,29.623931933923483,0.5938727824627711,38.09771474842297
Hmgb2,ENSMUSG00000054717,8,57515999,57511907,+,0.1989791239078375,0.0030290880310110627,0.004573225425451627,65.03255456824975,0.6171142087070802,26.077425371207816
Rap1b,ENSMUSG00000052681,10,117846035,117813871,-,0.18295438828232022,0.0055919525239541325,0.00706124526418315,32.39026862685551,0.546389786254861,6.522173357330567
Top2a,ENSMUSG00000020914,11,99024189,98992943,-,0.8788286112146121,0.010146013256028347,0.019335861954159643,85.75194050584584,1.164459388918347,3.4348311080469607
Ms4a6c,ENSMUSG00000079419,19,11482192,11469366,+,0.4261572755184436,0.006456144773817185,0.014904706234918156,65.3479309315138,1.5989642085863436,3.2821552181546436
Iigp1,ENSMUSG00000054072,18,60392627,60376029,+,0.15534337463470052,0.03296226755447372,0.03860062108534224,4.665635961913087,0.7149667063321435,1.6593417414523148
Gata2,ENSMUSG00000015053,6,88207032,88193891,+,0.22130490425084678,0.00492786541669306,0.016505952169754076,44.45978870814296,1.0424426682192853,23.633285169104752
Mki67,ENSMUSG00000031004,7,135716361,135689784,-,0.3164159873676533,0.00625684166928439,0.011411961481933354,48.1269895819469,0.9983223945835986,6.898747828126872
Cd200r3,ENSMUSG00000036172,16,44981380,44943678,+,0.9046519133621059,0.14209781726803483,0.14660830335874533,6.302738574366216,1.7582512718208034,3.073773215586767
Arhgdib,ENSMUSG00000030220,6,136941899,136923655,-,0.7569216025353569,0.0051761412354666475,0.012435846385686062,144.77046750105663,0.4521921442621993,116.81767699009447
Hspa5,ENSMUSG00000026864,2,34777547,34771970,+,0.5720649856305877,0.008352952047637849,0.019116476753042476,67.80169843479943,0.6675442953383349,23.957084933196967
S100a11,ENSMUSG00000027907,3,93526287,93520488,+,0.34647031117743715,0.006712742398622491,0.009053903503628696,51.09768671237113,0.3906550666778339,74.01163861049446
Cenpf,ENSMUSG00000026605,1,189688086,189640606,-,0.1670307264613572,0.009572719794662074,0.01162652318890452,17.274131359088944,0.9388322172146729,4.695246357777986
F13a1,ENSMUSG00000039109,13,37050244,36867178,-,0.5730087559337094,0.01517417235206361,0.03014251465509906,37.3844882747246,1.626482544915692,0.7821796928413263
Pim1,ENSMUSG00000024014,17,29496111,29490812,+,0.24203379310486997,0.006375362066041301,0.018874221315035248,37.58428975353962,1.1432751973205437,3.567906924844941
Ly86,ENSMUSG00000021423,13,37419036,37345208,+,0.36375342771464236,0.03426398206537964,0.04491896949814258,10.510042082976614,1.1694239810450628,7.804780980297746
Ccl4,ENSMUSG00000018930,11,83664683,83662584,+,0.029456939071292775,0.006577150656190537,0.008503562212156167,4.433891088252887,0.6156721354806121,2.8487514452525025
Pdzph1,ENSMUSG00000024227,17,58991375,58878808,-,0.09997294977731552,0.05834953944228185,0.05083401121144038,1.6962125361322624,0.7854742556294583,0.4521559843082359
Nusap1,ENSMUSG00000027306,2,119651244,119618298,+,0.16770184979514713,0.013026518798860316,0.01862429219167454,12.745141957014726,0.9714208911102803,5.785686244138512
Adgrg1,ENSMUSG00000031785,8,95014217,94974751,+,0.14056595387303084,0.002221381026300044,0.007578868750980071,62.645846294135055,0.7779509562274219,29.20904130258242
Itga2b,ENSMUSG00000034664,11,102470122,102453297,-,0.14274564241820248,0.010357843131031103,0.01646487228167479,13.643592030337352,0.7763725328335394,18.160450823108008
Angpt1,ENSMUSG00000022309,15,42676977,42424723,-,0.13572898847756903,0.004183127995709611,0.01600906240257751,32.12230147645745,1.2208906194945603,0.4921277491891327
Ubb,ENSMUSG00000019505,11,62553213,62551171,+,0.22847295934098685,0.0015225257158075765,0.0027585227049771806,148.5611884247239,0.39982265543092743,73.78585520363413
Ermap,ENSMUSG00000028644,4,119190011,119175457,-,0.4880471115260319,0.013946517968037163,0.05678660885893871,34.644248945729686,2.5841232453128544,14.421258225777365
Anxa1,ENSMUSG00000024659,19,20390944,20373428,-,0.8029895703510896,0.030336693848739504,0.043130405581321134,26.2045586975065,1.0203915974014022,1.6570787189651064
Gimap6,ENSMUSG00000047867,6,48708225,48701582,-,0.07785396453346141,0.012144097094454732,0.009706728436879166,6.3467398431227275,0.664194396705776,0.8239283283575265
Mef2c,ENSMUSG00000005583,13,83667080,83504034,+,0.04064195043779213,0.0027923146909476686,0.003207351196176407,14.40938267590423,0.5463868141608651,1.8101256398480297
Emb,ENSMUSG00000021728,13,117274415,117208536,+,0.17374199352670675,0.0049494243548085575,0.010692057911724184,34.75244013464527,0.8105222896870752,13.234740780414642
Prss57,ENSMUSG00000020323,10,79790961,79781474,-,0.051878982009753404,0.005512199704424658,0.005821929578450606,9.317549244166337,1.1884590924685665,1.856172337057953
Mllt3,ENSMUSG00000028496,4,88033364,87769925,-,0.07331526142709484,0.005605355602006651,0.009461067302263135,12.94870726610821,0.7023841154423348,1.3317724272303746
Ebf1,ENSMUSG00000057098,11,45008091,44617317,+,,,,,0,0
Gsr,ENSMUSG00000031584,8,33698163,33652523,+,0.07342673197092506,0.004233804627393079,0.005858688774871953,17.169536870192196,1.1085661544973886,3.2838228378299434
Blnk,ENSMUSG00000061132,19,40994535,40928927,-,0.027495866233396535,0.01181998194821022,0.016137755637667037,2.302956780334538,0.9196955328160074,0.9815795624305883
Rps24,ENSMUSG00000025290,14,24496959,24487125,+,0.795145036912399,0.004116953851451772,0.0020739393972391,191.2077752014842,0.5088929682898556,103.72316904413935
Gnb4,ENSMUSG00000027669,3,32616585,32580332,-,0.04547750092118994,0.010825791119309557,0.0126842978369527,4.15883933245975,0.9013493699093105,3.106253292839695
Ncl,ENSMUSG00000026234,1,86359400,86344719,-,0.12278039727981194,0.002381864716503521,0.0030355447894682554,51.032534494842345,0.35428211300198276,19.54925487223191
Lmo2,ENSMUSG00000032698,2,103981878,103957986,+,0.09429664412957645,0.0035655957529319303,0.004099166763536317,26.181789568129673,0.6464373180919997,3.306371857576831
Cdk6,ENSMUSG00000040274,5,3531008,3341485,+,0.16991919998433197,0.004096452042505815,0.005197747256072324,41.064805895197985,0.5694605142395661,0.5834009238948105
Alox5,ENSMUSG00000025701,6,116461178,116410077,-,0.09503504813715404,0.02307897430964899,0.018750958214611445,4.076641205690282,0.9528443840204563,2.9011238532058012
Pdia3,ENSMUSG00000027248,2,121438687,121413775,+,0.42689282023070396,0.0057274395946473634,0.014703931218998245,73.78932331706551,0.5342388220929627,88.46053762651408
Dut,ENSMUSG00000027203,2,125258608,125247190,+,1.6363830042739707,0.010000630970501936,0.03712344063685732,161.99169622493545,0.6372023772167542,120.09428778288981
Ramp1,ENSMUSG00000034353,1,91225196,91179822,+,0.1522526907204338,0.004704132035887203,0.0064120578615751486,32.042077616726935,0.5610339499876391,23.35016545307547
St8sia6,ENSMUSG00000003418,2,13794064,13651021,-,0.12322223181200619,0.011596197657832522,0.043631946645435224,10.519828403536167,1.3103927629100793,1.7161333141992374
Ifngr1,ENSMUSG00000020009,10,19610229,19591949,+,0.08908018335627244,0.004717538229560435,0.007162886696724775,18.693941041136387,0.759607088838882,8.341555241861567
Klf6,ENSMUSG00000000078,13,5870394,5861482,+,0.012702823344110293,0.0028869483940155475,0.003642568725225539,4.356085871412866,0.5277748161424775,4.82166632045028
Myct1,ENSMUSG00000046916,10,5606904,5593775,+,0.03358846981651841,0.005320411272579598,0.006675594610497821,6.250002756315252,0.6708152249267602,1.9589522582608003
Prc1,ENSMUSG00000038943,7,80316259,80294450,+,0.5169195542302804,0.014324039924163765,0.058117888891087176,35.72667776670229,1.0981959721160943,15.46168336657496
Gem,ENSMUSG00000028214,4,11714752,11704457,+,0.006291511809665493,0.005082653133257308,0.004616364253568088,1.225461688662813,0.6070215850408045,0.8493900482424092
Anxa3,ENSMUSG00000029484,5,96845966,96793339,+,0.7530760348845627,0.029821215850011455,0.0814904786402487,25.000498916124194,1.292203323158983,30.86717054408099
Flt3,ENSMUSG00000042817,5,147400489,147330741,-,0.11101994587165027,0.023534674043394353,0.02588089183264491,4.670119765001926,0.6865602860302163,0.5794764201245599
Dstn,ENSMUSG00000015932,2,143943324,143915320,+,0.07231181800158187,0.006649503332990436,0.011166869534449874,10.766022097679128,0.8335367835871267,6.365529680749042
Meis1,ENSMUSG00000020160,11,19018985,18879817,-,0.21496976811176277,0.007365635166385716,0.03368715672047082,28.893648086438553,1.2584591868263653,1.0281661963592148
Ptma,ENSMUSG00000026238,1,86530712,86526726,+,1.1376031649430254,0.004707878960715529,0.008372267490225663,239.22176901557913,0.36227307966701855,91.99438464599262
Il12a,ENSMUSG00000027776,3,68698547,68690644,+,0.11614888360431605,0.01636955063017637,0.022127908185242913,7.0244686226328,0.6126859144153135,2.483128178751934
Npm1,ENSMUSG00000057113,11,33163206,33152287,-,0.7414187509016131,0.007271394933506925,0.007384218087004855,100.94412009039283,0.33309723671670444,132.56358414577397
Nfkbia,ENSMUSG00000021025,12,55492647,55489410,-,0.06072125925623679,0.0076805532170665025,0.009355298155788337,7.826786035424969,0.37699947392942945,8.27826281243328
S100a6,ENSMUSG00000001025,3,90624181,90612882,+,0.055465400799282166,0.013585037003563947,0.026504797740390124,4.042002003887355,0.7560334490427157,3.878252394671143
BC035044,ENSMUSG00000090164,6,128891126,128849090,-,0.1090228068344061,0.003395344603613152,0.010948939336077976,31.788401875675806,1.0289077992697817,9.669372700682207
Mns1,ENSMUSG00000032221,9,72462025,72438011,+,0.20898747242996493,0.004383791181099515,0.014455289285267237,47.1960431413096,0.8582286204383753,24.52989886189497
Gcnt2,ENSMUSG00000021360,13,40960892,40859754,+,0.08571745896428574,0.01830422258707948,0.02519992651014835,4.636104263425192,0.7611365711012612,0.37593499315166745
Cmtm7,ENSMUSG00000032436,9,114781856,114756836,-,0.22986924578711387,0.002160711943641141,0.005557202350313027,105.32202314101639,0.4755954007837613,54.773082614778474
Adgrl4,ENSMUSG00000039167,3,151545086,151437887,+,0.1436489243524717,0.0062239596236365,0.023404257975875756,22.849189857992027,1.4055456640492932,0.8241769910091259
Rab27b,ENSMUSG00000024511,18,70141605,69979131,-,0.11483490719353409,0.030917321068009516,0.029319226628861206,3.67711542250119,0.754583035193875,1.3904555431138208
Fcnb,ENSMUSG00000026835,2,28084885,28076378,-,0.02791466753579562,0.016231418310393392,0.012794818254319858,1.7025943347625963,1.0116920167678536,3.7743226044676708
Gata1,ENSMUSG00000031162,X,7978071,7959260,-,0.30479790649335825,0.014682671673871923,0.03850680580292888,20.551431928113875,0.8990814815379391,10.849204339603673
Gfi1b,ENSMUSG00000026815,2,28621982,28609450,-,0.09486754893910601,0.012805486194069814,0.01788742903564034,7.334268455438148,0.7716606831556496,9.250797408758434
Chil3,ENSMUSG00000040809,3,106167564,106147554,-,,,,,0,0
Fam129a,ENSMUSG00000026483,1,151721939,151571186,+,1.7508324531185004,0.0750334228641819,0.32015243400967885,23.100693829799127,1.2725583355769463,5.180292088026857
Cbfa2t3,ENSMUSG00000006362,8,122699109,122625141,-,0.021957672086604974,0.001914077021534874,0.0024790832520243827,11.356959579561444,0.6465545893345588,2.228558817064819
Msi2,ENSMUSG00000069769,11,88718513,88339382,-,0.09536663181055342,0.004030943358771458,0.01579855477298814,23.42205213253675,1.2964961727353463,0.923480141785277
Hdc,ENSMUSG00000027360,2,126619299,126593667,-,0.397500278012079,0.04536477783375329,0.04049505267715921,8.227400607857877,1.0934330577395281,0.8804027656772884
Vamp5,ENSMUSG00000073002,6,72380468,72368794,-,0.1722183436239569,0.006090293995374979,0.011584739826971776,27.99473396804712,1.5424087044325265,0.20314145744681375
Zbtb20,ENSMUSG00000022708,16,43642602,42875881,+,0.006318136712259985,0.001590457353261432,0.001639782849835263,3.9328029338924524,0.6040251778165946,0.26683021155229913
Glipr1,ENSMUSG00000056888,10,112002631,111985448,-,0.36359550373909527,0.009427364327126288,0.031932049570350285,36.47433048748863,0.6950787844701342,11.60058404099798
Hsp90aa1,ENSMUSG00000021270,12,110702728,110690605,-,0.5768280556830169,0.006028160816560358,0.01238866556371626,94.73200740719967,0.40888910206468454,16.992985904531423
4930519L02Rik,ENSMUSG00000105652,3,143040752,143017660,+,0.17469907347463798,0.022800158242114763,0.028964725500855264,7.585565016843932,0.6804508411315473,0.779393302742273
Rgs18,ENSMUSG00000026357,1,144775435,144752683,-,0.04968851662557796,0.005019229462211996,0.0061039254476310135,9.800634107220755,0.5242137488681387,2.838070966500724
Pnrc1,ENSMUSG00000040128,4,33290163,33245423,-,0.027158318348346526,0.0021517966848590476,0.003808762755157257,12.495016538527786,0.43198715859850756,7.266912272678304
Optn,ENSMUSG00000026672,2,5064051,5020642,-,0.28094574918459486,0.016358831142734457,0.062199417536882684,17.00221056540945,1.497887326071887,3.6754734616963813
Tspan13,ENSMUSG00000020577,12,36042500,36014557,-,0.018700539671431555,0.002731147609906496,0.0029150209289988825,6.778664839485212,0.6952526264865911,3.6011242844337668
Gpr183,ENSMUSG00000051212,14,121965195,121952551,-,0.18719870783442086,0.06586991625602905,0.07644491978209483,2.8135259810522952,1.0420836105714026,0.6068031761855208
Myb,ENSMUSG00000019982,10,21160984,21124935,-,0.04494914567944909,0.0018260846540614304,0.002840033067566519,24.368888990815435,0.5201385588084829,8.625857706449755
Stxbp4,ENSMUSG00000020546,11,90638084,90476492,-,0.012404076069153941,0.005939396073305929,0.009073499242772159,2.067556222366428,0.7878171925561626,0.468324969000864
Ikzf2,ENSMUSG00000025997,1,69687245,69531214,-,0.143493001285387,0.008415663746253566,0.038883380770601515,16.880198111025248,1.0286500279369728,1.6816826439788253
Muc13,ENSMUSG00000022824,16,33819934,33794037,+,0.025745541718744647,0.00427801099355074,0.005467615485944456,5.957929126405107,0.7142794917225083,0.9708297994353661
Tpx2,ENSMUSG00000027469,2,152895321,152847964,+,0.061739004780820964,0.0073925989183805975,0.009964478253944671,8.267946821927936,0.8087617379877378,4.315702744654641
Nfia,ENSMUSG00000028565,4,98118874,97772734,+,0.12468760336431517,0.011017218641998224,0.019201115476025692,11.20434579196871,0.8594071600471339,0.438121273071153
Eef1a1,ENSMUSG00000037742,9,78489151,78478449,-,0.6169584685641328,0.004742712865294653,0.002923424392000583,128.78470639620824,0.35119858133196297,92.92163878242702
Ybx1,ENSMUSG00000028639,4,119294604,119277981,-,0.46936991841791936,0.0022904281967156583,0.005367232640068588,202.87744444469337,0.43863520377765214,129.2337473134832
Mfsd2b,ENSMUSG00000037336,12,4874359,4862440,-,0.01962552775935466,0.0062455206104973715,0.006382711167722157,3.1109131957878264,1.2394038695966818,0.8180638163459929
Kif11,ENSMUSG00000012443,19,37421859,37376403,+,0.05586720498480991,0.00689157336332872,0.01065504524796438,8.025530603688889,0.9344309268066383,1.6485770750565036
Sell,ENSMUSG00000026581,1,164084181,164061982,+,0.0173362472277727,0.002695116832891155,0.003808636234639689,6.368141279086476,0.7156785237541848,7.831585611007054
Slamf7,ENSMUSG00000038179,1,171653035,171632403,-,,,,,0,0
Fyb,ENSMUSG00000022148,15,6663313,6522853,+,0.08060559922553137,0.0034784255465346242,0.01536278229747714,22.941282533063333,0.8944747703198249,5.288263283734535
Hnrnpa2b1,ENSMUSG00000004980,6,51469894,51460932,-,0.024133831989564074,0.0018750719538389228,0.0018829973821782914,12.742174304699192,0.3487845756812174,9.600881759496609
Rab38,ENSMUSG00000030559,7,88491572,88430273,+,0.03357270041639231,0.004565637076856352,0.005404679844444268,7.279810649144621,0.5619466307500146,2.415376913388764
Tuba1c,ENSMUSG00000043091,15,99038110,99029891,+,0.03133035067075869,0.001665212944475499,0.003216282850871272,18.62647493040039,0.4680941824909096,11.677872429882406
Unc93b1,ENSMUSG00000036908,19,3949340,3935186,+,0.17724265937459432,0.0052431189779728075,0.024614163971063384,33.4667653963275,0.9464923676139777,16.775866175181836
Dapp1,ENSMUSG00000028159,3,137981545,137931007,-,0.03263437481747886,0.0015881934864113488,0.0030104285043750776,20.342629122794524,0.6657006933640739,0.5315124732318568
Slc25a21,ENSMUSG00000035472,12,57197472,56712634,-,0.39263159589530394,0.06951323794779093,0.10662001460519964,5.591816629636709,1.3227443222876116,0.2178998268930189
Hspa8,ENSMUSG00000015656,9,40810087,40800984,+,0.5041007765468483,0.0041258964714590155,0.011763503622253242,120.95789902476645,0.4250091004793236,100.48204120279455
Myc,ENSMUSG00000022346,15,61990374,61985391,+,0.02729829204442001,0.0038562401834348154,0.004038314246169409,7.008201729775019,0.43972144161496024,16.704714806034943
Slc22a3,ENSMUSG00000023828,17,12507704,12419972,-,0.08425015554325076,0.005744701719732457,0.021769924730154266,14.519057395325081,1.1310646419052857,2.0222912682840297
Itga4,ENSMUSG00000027009,2,79333123,79255426,+,0.13514928868388415,0.009941486341452794,0.01411688774662561,13.458530364735465,0.8699414109262199,0.7055243249548397
Satb1,ENSMUSG00000023927,17,51833290,51736187,-,0.26703505843984865,0.017324816408817414,0.038617711491266166,15.259307897825835,1.051242948441141,0.6148208130605809
Lta4h,ENSMUSG00000015889,10,93484875,93453411,+,0.07142710690853632,0.005941964304046473,0.008877335853014019,11.90058240358253,0.7988699828181601,5.074022438699327
Zfp608,ENSMUSG00000052713,18,54990180,54888045,-,0.009781225208136582,0.0028780278110220737,0.003005688067534127,3.3646002026006645,0.6709811245813809,0.4130903532467815
Dach1,ENSMUSG00000055639,14,98169765,97786853,-,0.02151201828914418,0.010509391255371816,0.011688925484967392,2.026463530451105,0.6201465877716287,0.08986759967299868
Spi1,ENSMUSG00000002111,2,91115756,91082390,+,0.19212410840859515,0.009350948336087963,0.01933866977731699,20.340489594029982,0.5883709322375806,18.89511178634202
Hnrnpu,ENSMUSG00000039630,1,178337797,178321108,-,0.03714038719379375,0.002838478280028346,0.0033023769750586125,12.953765959938444,0.3287110657823464,4.785895442080717
Cks2,ENSMUSG00000062248,13,51650660,51645232,+,0.09083537163059896,0.004461560412077709,0.007717866218237569,20.155956573143154,0.5654528203220828,8.772778980878279
Ugcg,ENSMUSG00000028381,4,59222833,59189257,+,0.14514431439573833,0.02853523283268433,0.0341525117658418,5.035629885843957,1.004360409168999,0.9778708612000457
Csf1,ENSMUSG00000014599,3,107760469,107741048,-,0.24996221340499286,0.07350700601779815,0.09164457704869228,3.3665170801681836,1.183444229512256,1.5525084865810064
Plxnc1,ENSMUSG00000074785,10,94944835,94790866,-,0.010649814799857271,0.0036904147408182513,0.004941007816739375,2.856946276320422,0.8900300737738874,0.5179916985202521
Kit,ENSMUSG00000005672,5,75656722,75574916,+,0.02610259611325801,0.0014861273640444735,0.004705270564755852,17.388529931780532,0.7142438840464516,3.901090872834658
Hnrnpa3,ENSMUSG00000059005,2,75669407,75659261,+,0.0933295700591744,0.0024899256574650443,0.009049781348370674,35.47743681379585,0.5208145564672252,28.028439668973405
Plek,ENSMUSG00000020120,11,17052381,16971206,-,0.017178232568438537,0.004663039839694347,0.0051059402565890605,3.647073760336753,0.6645418694591193,0.8223945765490632
Ptpre,ENSMUSG00000041836,7,135686293,135537481,+,0.022820042553798933,0.0024608488851756032,0.0034017411000612347,9.180507695680312,0.5969062113590808,0.7338771402146576
Rpl9,ENSMUSG00000047215,5,65391444,65388364,-,0.8501410166025719,0.0015888955290900453,0.004957535030366057,529.7010351074183,0.4462711066269804,286.27279997707615
Serinc3,ENSMUSG00000017707,2,163645131,163623272,-,0.07004669422270413,0.0023881764429312074,0.005466364023170787,29.03731317078176,0.6833791243502745,6.58366784791349
Tbxas1,ENSMUSG00000029925,6,39084585,38875404,+,0.056489807180192995,0.014849160175030884,0.019566722369487616,3.7662001385391313,0.7828692586051201,0.4021108125998941
Fam117a,ENSMUSG00000038893,11,95381872,95337018,+,0.04429404998972815,0.0019098759863282507,0.007059089591861058,22.96018684131157,0.8047701683635683,6.716348620813426
Clec12a,ENSMUSG00000053063,6,129365303,129342691,+,0.18439710659803613,0.008588398271983794,0.0389582106738168,21.255783645660934,1.703982941545294,9.915120422378175
Calm2,ENSMUSG00000036438,17,87446935,87433412,-,0.27695409429957635,0.004887216014177842,0.01029210930385948,53.32619711070305,0.49230583809764755,17.058969857598854
Glul,ENSMUSG00000026473,1,153909723,153899944,+,0.054609946584188655,0.009547437052945326,0.008235062282367714,5.662655518809459,0.7695252808992652,0.6916938703310239
Gmfg,ENSMUSG00000060791,7,28448233,28437447,+,0.019171307045925533,0.0016289066337791698,0.0013934059453613395,11.651738400397068,0.5270032835183363,10.799568441236023
Pitpnc1,ENSMUSG00000040430,11,107470699,107207892,-,0.019567159571647855,0.0023223895739093183,0.0032084150730362537,8.341187970166013,0.7315585313537167,0.14811083950538317
Atp8b4,ENSMUSG00000060131,2,126500674,126320973,-,0.010493248431379236,0.0022708860004998772,0.002417552765119964,4.574565145400836,0.9727929320490114,0.6288931598391566
P4hb,ENSMUSG00000025130,11,120573253,120560298,-,0.01953311644418568,0.003058161638083101,0.003073271355288578,6.3233365558352315,0.5377108077982975,2.6215253827192644
Usp18,ENSMUSG00000030107,6,121270917,121245906,+,0.01560332655368735,0.022056856948999882,0.021813868455911496,0.7003397321689072,0.522825416746225,1.1928607522048744
Itih5,ENSMUSG00000025780,2,10256529,10153571,+,0.02616075962031748,0.008221525473001106,0.010384559062483914,3.150163811955001,0.7680113792709834,2.140902642748812
Igf1r,ENSMUSG00000005533,7,68233668,67952827,+,0.06670088106966783,0.0027224250304589137,0.012836804891114726,24.255533768670922,0.7329639937931223,2.326920131542587
Rps26,ENSMUSG00000025362,10,128626747,128624534,-,0.09542831223230756,0.001138270466178062,0.0009054769107455722,82.99787433402996,0.32207084266176855,97.80466116730585
Lgals9,ENSMUSG00000001123,11,78984946,78962974,-,0.05582087130249791,0.00618304855924123,0.007620801100795019,8.937769461130458,0.50851897639545,6.213838440173642
Nrip1,ENSMUSG00000048490,16,76373827,76287400,-,0.03202117296130896,0.008353750319575543,0.01305059109144587,3.794817898424645,0.6340850539872648,1.610757879734003
Lockd,ENSMUSG00000098318,6,134956798,134929092,+,0.29094064357654353,0.028702330409671805,0.06087687273220542,10.035116766815575,0.8697395003516621,3.429852780609166
Hmgb1,ENSMUSG00000066551,5,149184489,149046702,-,0.05876248006854922,0.0016410322387442877,0.001725664312742355,35.450159902025405,0.4050721025804813,22.37926798252203
Hoxa9,ENSMUSG00000038227,6,52231089,52223100,-,0.023266659357653558,0.007085670806245023,0.007771148406527068,3.250785055350835,0.7834899816239247,0.8945764970657457
Ybx3,ENSMUSG00000030189,6,131388476,131364855,-,0.37430704990178576,0.002863314633844506,0.011490671028588306,129.4178344994592,0.5628133470106633,73.60236968016821
Epsti1,ENSMUSG00000022014,14,78002657,77904239,+,0.027399707569100113,0.004211880564790023,0.006404678519105252,6.440284826728324,0.7721491345311813,0.8991053850275961
Minpp1,ENSMUSG00000024896,19,32515370,32485769,+,0.13224206418910417,0.010273935618038577,0.0139945867237796,12.742891177685552,0.7282781654578832,2.0882245003833906
Rbpms,ENSMUSG00000031586,8,33929863,33782643,-,0.011322263599686803,0.004268675954692586,0.004988249271916336,2.625882377266833,0.7706390242044383,0.8889610848464273
Tmem40,ENSMUSG00000059900,6,115762410,115729131,-,0.0447975693365002,0.005112317028743276,0.009963917914623529,8.675047614180793,0.6860712685834153,5.539214550346308
Mndal,ENSMUSG00000090272,1,173942491,173849126,-,0.004523643155613492,0.001401484845449987,0.0017206397936057921,3.195472814848337,0.56031855748175,1.2775163117645896
Ap3s1,ENSMUSG00000024480,18,46790826,46741876,+,0.0620838852750249,0.0037946478974064763,0.009109277975664902,16.197298954741683,0.8439233605681915,3.737885617096507
Bcl11a,ENSMUSG00000000861,11,24174123,24078056,+,0.011564813304120498,0.0025227345990198507,0.003332866598970929,4.538394635538593,0.5687727581438992,0.8239141340082067
Calcrl,ENSMUSG00000059588,2,84425411,84330626,-,0.007822551969072241,0.004612906141612722,0.0051587737097860305,1.6788389383257685,0.6286644811066888,0.31274463943301667
Fut8,ENSMUSG00000021065,12,77476338,77238125,+,0.018229989383093854,0.00309794753538897,0.003858151016639395,5.825692424774036,0.6498604410271147,0.1768040127567368
Pdcd4,ENSMUSG00000024975,19,53929861,53892231,+,0.21576022537463668,0.007999418574405904,0.012575671909440065,26.70226856290665,0.9020074554047927,0.21866492422945694
Lcp1,ENSMUSG00000021998,14,75230842,75131101,+,0.025631760632337006,0.003611846319556083,0.004771096487611745,7.0256153725644745,0.7201318545390182,6.086164429794276
Hmga2,ENSMUSG00000056758,10,120476469,120361275,-,0.010929630159023736,0.016791973141605066,0.016675188835030344,0.6443753670987133,0.6585470628169967,0.3147914186284574
Gm15657,ENSMUSG00000090214,16,33796874,33770430,-,0.0524568829307571,0.0076278810983161265,0.0257874049920778,6.808222812087844,0.7217894989152567,1.0282890456724716
Runx1,ENSMUSG00000022952,16,92826149,92601466,-,0.19014740799482585,0.01803548718347852,0.024023262544564855,10.437529743433881,0.5729018210314671,0.0690056881116401
Ddx5,ENSMUSG00000020719,11,106789185,106780355,-,0.023520704380663914,0.0016827926675839714,0.0012937257113322133,13.837413120113519,0.4844670727519657,3.238011184512816
Diaph1,ENSMUSG00000024456,18,37935476,37843601,-,0.017369928810918728,0.0017761411447625036,0.0023871114376202676,9.681792223280167,0.8044573939086331,0.7705013010205237
Tmx4,ENSMUSG00000034723,2,134644145,134594185,-,0.021459057422330795,0.004782001000639397,0.006589089474451542,4.442589377389697,0.4469103800010373,4.2082653853435765
Chd2,ENSMUSG00000078671,7,73541830,73426638,-,0.006209360358392819,0.002685438491149789,0.0034428595741755196,2.2891109869274633,0.5436474155003219,0.8679884360998236
Icam4,ENSMUSG00000001014,9,21030595,21029373,+,0.03425839801610385,0.004116483252324134,0.014559613643829595,8.239026362318908,1.080009140532813,5.739231184341643
Foxn3,ENSMUSG00000033713,12,99563582,99190078,-,0.02820399705610156,0.006869914661427115,0.008822797331658683,4.064381940916309,0.5114570113609062,0.30872086527781495
Snca,ENSMUSG00000025889,6,60829855,60731575,-,0.043524865006615794,0.009387882952770571,0.02302441540544545,4.589918363205939,0.8181522080751553,2.7385057964712263
Spcs2,ENSMUSG00000035227,7,99863462,99837569,-,0.14607807415946197,0.0018740258807009417,0.0038835294282012498,77.16931495299103,0.670927925148096,4.967971681437193
Cd47,ENSMUSG00000055447,16,49915010,49800533,+,0.019046301351367315,0.0010609743947123595,0.0008365718874267037,17.772189820816216,0.3861548108762165,2.3537417398722074
Fli1,ENSMUSG00000016087,9,32542861,32422204,-,0.02657740431941095,0.0032191554508818445,0.003944808880970406,8.173457503895664,0.5533701979781765,0.24472849217934017
Paip2,ENSMUSG00000037058,18,35617186,35598617,+,0.03582489247654072,0.0011903110769591046,0.002589886699661918,27.96535626008051,0.5696231688376742,21.66304900929419
St3gal5,ENSMUSG00000056091,6,72154571,72097592,+,0.04319574397185138,0.01006077041545921,0.012714418288681254,4.250547897049986,0.979994401836664,3.385409604675916
Zg16,ENSMUSG00000049350,7,127087328,127050156,-,0.030076629085118312,0.021108971524598688,0.025743827583074873,1.4105785665383435,0.9617292366703057,0.27964091127551793
Auts2,ENSMUSG00000029673,5,132543344,131437333,-,0.01806106097229848,0.011913398254972934,0.015692340812564185,1.5008690198962982,0.734742586496396,0.09580156841853049
Casp3,ENSMUSG00000031628,8,46639689,46617291,+,0.03162100077243289,0.007804556650997671,0.010620800656248515,4.011091489829447,0.8042704094787294,3.3577311888624406
Dek,ENSMUSG00000021377,13,47106201,47084775,-,0.03749297424317689,0.002603921074600941,0.0033656504983051836,14.25467340880659,0.47158483274887025,13.952930874629025
Stat1,ENSMUSG00000026104,1,52161865,52119440,+,0.012007295514375087,0.0038654136274572527,0.006260189050894801,3.0752782767651676,0.4207713765559861,2.270383630967824
Smc4,ENSMUSG00000034349,3,69034623,69004738,+,0.03629545772597184,0.002298396950466652,0.004903763976739213,15.633723818427717,0.6073852394892433,3.146823981912128
Sat1,ENSMUSG00000025283,X,155216449,155213132,-,0.06679918744908092,0.0056480328594949,0.009779328309621865,11.708712966040391,0.46013955474915874,6.601844998220606
Gng12,ENSMUSG00000036402,6,67021350,66896397,+,0.026051084511516807,0.002029492114497821,0.003233920650856102,12.70789547895498,0.47003111550447435,1.5316926620204796
Cenpv,ENSMUSG00000018509,11,62539261,62524946,-,0.0866763572336247,0.003908838366743106,0.012967302615152191,21.952709631425897,0.6608009746216139,14.925394950791379
Osbpl1a,ENSMUSG00000044252,18,12941841,12755314,-,0.022411657265900133,0.0033315527061551923,0.009998936977491182,6.659819804816133,0.8652158009463774,3.03557577173758
Galnt6,ENSMUSG00000037280,15,100729376,100691813,-,0.012969004666617094,0.0033794684166250895,0.004649822455207952,3.799211306958424,0.664723099850124,1.2469883536737207
Zfand5,ENSMUSG00000024750,19,21282289,21272278,+,0.08966925324827672,0.005106666822972622,0.016579002397656868,17.38366018249824,0.6032532382403767,2.654538396751936
Rhag,ENSMUSG00000023926,17,40840754,40811126,+,0.0945234072515658,0.028558714759182615,0.03660895285204305,3.2766941358578303,1.090485284149176,1.9818850829016772
Nedd4,ENSMUSG00000032216,9,72749852,72662346,+,0.021055158455753537,0.003309657611530414,0.0036979406295241813,6.298115792575074,0.48883081125882955,2.9408392567615813
Maml3,ENSMUSG00000061143,3,52105076,51685907,-,0.021644568277685603,0.0024666499745981145,0.004684239320316549,8.687135513987947,0.7350058820561075,0.12772156479509494
Mcm6,ENSMUSG00000026355,1,128359664,128331590,-,0.19080910585988708,0.007147160827120499,0.018780604103290625,25.75882803992758,0.6427566814444723,14.796941640893998
Kif20b,ENSMUSG00000024795,19,34975745,34922361,+,0.11678557603976995,0.008180772541532561,0.012259877641655913,14.132860887208187,0.8188795290338641,2.1380339341200063
Lims1,ENSMUSG00000019920,10,58424691,58323466,+,0.025501840277846927,0.000962975502995305,0.0001556992838543344,26.21751207225834,0.36651011158531765,4.325115081546027
Atp2b4,ENSMUSG00000026463,1,133801041,133699457,-,0.006334649103887133,0.0020603519207139332,0.003043856412154059,3.04380166795738,0.624036686326501,1.117171443418353
Lmnb1,ENSMUSG00000024590,18,56753424,56707813,+,0.07096693691341527,0.002181924271763749,0.007191612113514261,32.19968192914824,0.709034068873584,21.947327103095898
Tcf4,ENSMUSG00000053477,18,69689079,69343356,+,0.08246780124614049,0.009103909143255906,0.025369494268672844,8.967919379353601,0.7163035212449373,2.5483301997711836
Pa2g4,ENSMUSG00000025364,10,128565987,128557766,-,0.17259261719584043,0.0063450852567835175,0.010104934057488971,26.928982686435745,0.4040887541477458,20.07049234079846
Tax1bp1,ENSMUSG00000004535,6,52766780,52713729,+,0.025222158969194428,0.00280224137213172,0.0028543433375439044,8.910701850250453,0.4148744438924539,6.186680360360841
Gse1,ENSMUSG00000031822,8,120581390,120228456,+,0.006674574243835369,0.0028723879369885598,0.002920526564276523,2.300465203987985,0.516200360700107,0.508853486477179
Fermt3,ENSMUSG00000024965,19,7019469,6998958,-,0.13065722108559003,0.004142731921950767,0.007009944589811565,31.2235141717363,0.5206292321710514,2.2809871321592174
Abcb4,ENSMUSG00000042476,5,8959231,8893717,+,0.04103145638709364,0.0033206369293997152,0.012452830865722034,12.232936839188243,1.2251736568016032,1.9057712938006146
Foxo3,ENSMUSG00000048756,10,42276755,42181841,-,0.019209540236700084,0.005797618932856705,0.009743312641755547,3.2802164223929893,0.5937183946422052,1.1897220610470494
B4galt6,ENSMUSG00000056124,18,20746404,20684599,-,0.026948400925831815,0.00777309741762911,0.011651441665146488,3.4322118305203095,0.909226193565464,1.6126024482777876
Fxyd5,ENSMUSG00000009687,7,31042481,31032722,-,0.016205361388215617,0.002546044030429588,0.002720487398366308,6.301268785059664,0.5319105963278592,0.7410899546266335
Ncam1,ENSMUSG00000039542,9,49798925,49502136,-,0.01945701738053883,0.009479688377578217,0.012751005568753034,2.031970507837984,0.9759720036622771,1.5447037330128324
Gda,ENSMUSG00000058624,19,21473445,21391307,-,0.013695417832052727,0.0041472595218884694,0.006535738624335388,3.2692585506581233,0.9635262063747773,1.0250444122229532
Nap1l1,ENSMUSG00000058799,10,111498150,111473223,+,0.039714887834125155,0.0009531042563174638,0.0016419472024065535,41.252296058037736,0.5950806360983325,4.270514237856496
Ccnd3,ENSMUSG00000034165,17,47599691,47505051,+,0.011033552653181537,0.0028920483558022773,0.0016166286372898114,3.776982879534023,0.42271180007816334,0.6460801062102359
Smarca2,ENSMUSG00000024921,19,26778322,26605050,+,0.047008337761503614,0.005220483799299943,0.017857198174446025,8.914548186152645,0.7024087988721859,3.0645022860783637
Fam49b,ENSMUSG00000022378,15,64060478,63929097,-,0.13950293795562158,0.0037849819748547358,0.014423749327101179,36.48839267758093,0.5703729475123351,6.403293368588132
Akap13,ENSMUSG00000066406,7,75754609,75455534,+,0.015456150061754964,0.0018376024661396569,0.001958238972685694,8.326930793297326,0.753984767860999,0.18334558684420044
Stard10,ENSMUSG00000030688,7,101346626,101317086,+,0.643533882922498,0.03352922294295762,0.06576125145346033,19.00129165466053,1.1384328803310664,0.625790249083092
Hk3,ENSMUSG00000025877,13,55021385,55005985,-,0.09313654780377764,0.02005801915175232,0.029770917425369674,4.5969236357860686,0.9828669315664746,5.654910196598683
Coro2a,ENSMUSG00000028337,4,46602202,46536937,-,0.010536077859466886,0.003850423088991778,0.004839558745871457,2.7089794653198673,0.7572493857501514,0.7253655699245787
Kdm5b,ENSMUSG00000042207,1,134635285,134560171,+,0.06213471222514639,0.006278393059037563,0.01059813669930565,9.797628871666172,0.6855739530697252,0.9871590520472051
Samsn1,ENSMUSG00000022876,16,76022281,75858793,-,0.040597587311291206,0.004967520574115083,0.013593684776423734,8.090879713233608,0.7124238522188588,2.14543906836333
Irf2,ENSMUSG00000031627,8,46847458,46739732,+,0.04813353308572562,0.0057771798964443835,0.013538967057816653,8.248349300009911,0.8576761439172449,2.20375506334709
Lpcat2,ENSMUSG00000033192,8,92919279,92855339,+,0.19126810690737395,0.05743581745465655,0.06780540347047237,3.296817808639867,0.6709751895800643,0.9069596961712811
Ckap5,ENSMUSG00000040549,2,91620664,91526762,+,0.06817928880016222,0.006646036927793765,0.01337740431661735,10.15605189159959,0.6724672826795072,1.4608260590058784
Baz1a,ENSMUSG00000035021,12,55014348,54892989,-,0.02812876779433809,0.0033201849210021533,0.0056988695451565905,8.38732804918267,0.5003957836270646,2.4616915207904655
Sugp2,ENSMUSG00000036054,8,70279915,70234226,+,0.02294264118989814,0.004611369559273277,0.011842723213969262,4.9254813534351864,0.593487193306355,3.4837753520313206
Elf1,ENSMUSG00000036461,14,79582494,79481194,+,0.02835323849654299,0.0014127925782429363,0.004316041125844105,19.86824289980864,0.6820358858540864,3.5255824492749124
Dnajc3,ENSMUSG00000022136,14,118981697,118937976,+,0.16803485793915662,0.006840019115022391,0.018462495003050375,24.32076673505327,0.3724480075568102,10.527653263091068
Actr3,ENSMUSG00000026341,1,125435727,125392905,-,0.06128780008639441,0.001809438661732289,0.005376773935354636,33.53245587636696,0.45737201436664465,18.71346794900668
Bcl2,ENSMUSG00000057329,1,106714274,106538178,-,0.010784066574916496,0.002540700970524249,0.0034760119633489754,4.202078888081188,0.6440170915834814,0.2853224525128344
Tagln2,ENSMUSG00000026547,1,172507380,172500047,+,0.07498838386695625,0.0014861265145627897,0.002522182570729819,49.95436074978262,0.38199686114781356,49.68876924076321
Pik3r1,ENSMUSG00000041417,13,101768217,101680563,-,0.005061205186025783,0.0012841891543721251,0.0009603254789419701,3.9017563083339857,0.37071288315413053,1.8012828214209167
Cd37,ENSMUSG00000030798,7,45239115,45233632,-,0.018668347973376066,0.005010099602205239,0.004978357378703111,3.6888816512764415,0.4030581630131732,6.157497606351714
Neat1,ENSMUSG00000092274,19,5845478,5824708,-,0.015208340655993325,0.0020162872321530263,0.0053239634800320325,7.4673176565999775,0.5210505758668661,10.383585468870267
Rnf213,ENSMUSG00000070327,11,119487418,119393100,+,0.0020669794963993804,0.001575656116575504,0.0018972139925228979,1.298703238548517,0.4116472502733371,1.0574163311680298
Mycbp2,ENSMUSG00000033004,14,103346814,103113411,-,0.021946137808110673,0.0015611976066513364,0.002681388852112442,13.916672903843237,0.5023126953951284,1.0862052457035212
Arid1b,ENSMUSG00000069729,17,5347656,4994332,+,0.003583646159118384,0.0014644786379416977,0.0022623592090462758,2.4225752466513217,0.530348022635341,0.19498832900856639
Spire1,ENSMUSG00000024533,18,67610790,67488209,-,0.04211873247504644,0.01310539862028727,0.01681484908556035,3.1817075053137116,0.9663752535419594,1.6034085101129505
Hsp90ab1,ENSMUSG00000023944,17,45573271,45567775,-,0.19888915753225697,0.0016510453238357612,0.0018135770271497534,119.25794108394882,0.3880349527161828,4.489721060471608
Galnt1,ENSMUSG00000000420,18,24286818,24205344,+,0.02442748833147903,0.0044750702861569595,0.00505398401381788,5.403985167109403,0.7309896556423687,0.6741864420618302
Prelid2,ENSMUSG00000056671,18,41951194,41875696,-,0.016293379562525735,0.003506516045819226,0.00447878140289759,4.60013459403176,0.5719224504632371,6.5397699231511055
Spint2,ENSMUSG00000074227,7,29281912,29256323,-,0.05363231201167495,0.003707201307248398,0.0036752097436697044,14.32239160785356,0.4187396984758078,11.698788992139269
Aff3,ENSMUSG00000037138,1,38664955,38177326,-,0.005126727740095412,0.0031369839682898965,0.003869332363520897,1.617942748193676,0.6733664701387654,0.06572019310385868
Atad2,ENSMUSG00000022360,15,58135082,58094044,-,0.02331982197395631,0.0036362637014871026,0.006090827096889418,6.348996016096175,0.5770465506244228,3.001554096413777
Il17ra,ENSMUSG00000002897,6,120487559,120463247,+,0.00669701077925383,0.0019311518735154812,0.0034071904002678267,3.4332052089678076,0.6358453322127121,3.5427480002814336
Nxpe2,ENSMUSG00000032028,9,48353454,48318006,-,0.19467050484238196,0.07035784954635661,0.07434099704559079,2.739194006590244,1.2471419082679533,1.616565047168049
Ppp1r10,ENSMUSG00000039220,17,35932283,35916434,+,0.0331554750968587,0.002995423056592906,0.010805107956527,10.958024868522289,0.6548357132604383,6.346850140956626
Chd4,ENSMUSG00000063870,6,125130591,125095981,+,0.017662600307471524,0.0027809399481878916,0.002739976307382564,6.28779284349199,0.4744759811716029,2.5968281985424166
Kif15,ENSMUSG00000036768,9,123018733,122951046,+,0.21644918145061637,0.015538712700789306,0.05592206020473322,13.79037593154196,0.8617606758211666,5.62054487136432
Utrn,ENSMUSG00000019820,10,12869365,12382188,-,0.0031080618373353773,0.0019459270016292034,0.0027495469229211265,1.5812418535668908,0.5680363485600961,0.2196140866878826
Zcchc11,ENSMUSG00000034610,4,108559421,108459426,+,0.019074506747388264,0.0013024848161299059,0.004424208700541027,14.498258594694414,0.8496910276255958,3.722691805955981
Sptbn1,ENSMUSG00000020315,11,30268175,30099395,-,0.015545968176212035,0.0037789429495663556,0.00501230437105528,4.072701996259568,0.5953768061836417,3.8770128203131997
Kif23,ENSMUSG00000032254,9,61946774,61915905,-,0.07593924296352386,0.024206447833336687,0.03339717236306056,3.1057778923825525,0.9050983994952331,1.6975472055502416
Etv6,ENSMUSG00000030199,6,134270158,134035700,+,0.01661999545326467,0.005260406817589674,0.0065697637562280664,3.1278560897066088,0.5287699093060616,0.10211785026218226
Ptprc,ENSMUSG00000026395,1,138175708,138062861,-,0.0080437504805962,0.002903112644284936,0.0037804275697956346,2.74302583176261,0.47607087256985064,1.1281583146483267
Fam107b,ENSMUSG00000026655,2,3782142,3570488,+,0.06171710646527304,0.0037400603030441465,0.010599171096098899,16.336617714663383,0.6634699982412589,4.12149047381461
Tm6sf1,ENSMUSG00000038623,7,81884434,81859001,+,0.03155880062231667,0.004136396198162795,0.0067498776755489705,7.553244689174205,0.5761800168295471,6.6387612431248995
Srsf7,ENSMUSG00000024097,17,80207305,80200089,-,0.14187720430513512,0.003379874440671782,0.00669100943381332,41.55729294907367,0.3628442989169387,5.927477097540976
Map4k4,ENSMUSG00000026074,1,40026310,39900913,+,0.006954233348834919,0.002555550927910736,0.005001205366506791,2.6940144061128444,0.7006485479814064,1.4911506614928494
Rps21,ENSMUSG00000039001,2,180258445,180257377,+,0.21802869522646628,0.0006114403830755945,0.001962065486177333,353.01627803591697,0.5014441090529237,21.944132458773865
Jak1,ENSMUSG00000028530,4,101265282,101152367,-,0.0273035621905145,0.003198613913126973,0.0057190485524937435,8.45069999154235,0.5323617564591755,3.5585605360494617
Rabgap1l,ENSMUSG00000026721,1,160793211,160219174,-,0.023122439104634702,0.006411594117783585,0.008032451453458217,3.5702844398861586,0.40560349057184575,0.32496738511643636
Iqgap2,ENSMUSG00000021676,13,95891922,95627177,-,0.006555172330498387,0.001635857961997813,0.001754457716142482,3.9671051875847883,0.4905364571056265,0.3972371040842564
Tgfb1,ENSMUSG00000002603,7,25705077,25687002,+,0.08593193198263009,0.002706142045302893,0.006698311875422352,29.093199767682812,0.5180353981800532,16.98959159304984
Mtdh,ENSMUSG00000022255,15,34145624,34082694,+,0.03195981755444369,0.0012636924184670935,0.0029098506515490836,25.037911849847152,0.46658371187655545,6.392563542008861
Rsrp1,ENSMUSG00000037266,4,134927671,134923592,+,0.023792949953243228,0.003583068777407709,0.003190347879258847,6.573979434118612,0.405361495599461,2.9759900714486207
Ipo11,ENSMUSG00000042590,13,106936958,106794439,-,0.0061952220001236825,0.0024491148518801494,0.0039647846522370776,2.5042801791896467,0.5138657316270023,1.4162718981741786
Edem3,ENSMUSG00000043019,1,151822051,151755371,+,0.10065906282386754,0.03956895531821881,0.04662188633822755,2.5184509268493547,0.6816115585676761,0.3517127031028499
Hp1bp3,ENSMUSG00000028759,4,138244683,138216296,+,0.04789166864166869,0.0030876715936962932,0.009413149291282693,15.35550349721408,0.56515291722597,8.563813590568692
Taok3,ENSMUSG00000061288,5,117275219,117120129,+,0.0387937293901948,0.005580502063084402,0.006624712569513051,6.882139216532351,0.5511135240742131,0.3698487639415232
G2e3,ENSMUSG00000035293,12,51376986,51348061,+,0.025724369658331123,0.006648917861821711,0.011794748605256453,3.8302662915992425,0.5806339076207094,4.7995733103045595
Sipa1l1,ENSMUSG00000042700,12,82451786,82169320,+,0.006968959221704689,0.0030458536492706813,0.003605696636599567,2.265134974932117,0.5457512788141485,0.20141156341100586
Tln1,ENSMUSG00000028465,4,43562691,43531519,-,0.017855058580646076,0.0025419639862764238,0.002398922695663439,6.95387821789439,0.38851369199974345,8.16235730532794
Cntln,ENSMUSG00000038070,4,85131921,84884309,+,0.004304636790286278,0.0020687905050268936,0.002984750723959693,2.059942953154658,0.5057503188696035,0.9886940477362491
Arpc2,ENSMUSG00000006304,1,74268209,74236084,+,0.06202150360592329,0.004536779556061711,0.0033406585922724267,13.534113309037503,0.34159745502137384,6.08088522623013
Ddx21,ENSMUSG00000020075,10,62602281,62580251,-,0.12164526437194453,0.0046051742349143415,0.010540917392823852,25.91088136569836,0.4170296160483557,16.7810578851117
Ankrd12,ENSMUSG00000034647,17,66077089,65967501,-,0.02263431848630177,0.003423108489142486,0.004324014099937905,6.546089722985121,0.46172720304907594,0.7308753206584702
Sh3glb1,ENSMUSG00000037062,3,144720335,144683678,-,0.02657326274883819,0.002014718320099173,0.003938658491627023,13.057671565747635,0.6767440787748304,0.8962709199301091
Rasgrp2,ENSMUSG00000032946,19,6415216,6399340,+,0.010149696780791837,0.0017198659675899,0.00211666122128795,5.842431911752265,0.7050678542976628,0.7685859088353384
Canx,ENSMUSG00000020368,11,50325673,50293961,-,0.114566900605342,0.0024346725950674915,0.007978245690812952,46.58582506291546,0.5076638445753248,20.03467448300139
Gria3,ENSMUSG00000001986,X,41678601,41400854,+,0.059864536760946774,0.00607003797137786,0.01505571737115475,9.763677208082493,0.9556078477200736,0.2530244190865164
Parp14,ENSMUSG00000034422,16,35871544,35832874,-,0.05992787055180173,0.008067295397075985,0.033260846114650355,7.354210912840447,0.4940239379919381,4.841222018599396
Il6st,ENSMUSG00000021756,13,112510086,112464070,+,0.04070596087825024,0.026009526602381202,0.037119159333297215,1.5493900325651575,0.7208540344677365,1.0968001387550754
Ssbp2,ENSMUSG00000003992,13,91703429,91460283,+,0.006782236745673328,0.0026829419770083083,0.0032581416533482947,2.5026312293580406,0.5398215204468868,0.424620431589263
Rock2,ENSMUSG00000020580,12,16987823,16894895,+,0.020717892830367093,0.0030499358425977313,0.007548948252385753,6.724965691276236,0.4916561021036923,2.322951971533148
Rpl10,ENSMUSG00000008682,X,74273135,74270812,+,0.15871960986758948,0.0025156619725935623,0.001535771329862377,62.46165640724592,0.3286437453490157,84.7256163706455
Ttc3,ENSMUSG00000040785,16,94469343,94370618,+,0.003909399438300618,0.001402085742557866,0.0016666976828608516,2.7603914129081013,0.5410131971774934,0.672604215806235
Ctr9,ENSMUSG00000005609,7,111056377,111028951,+,0.0079916165611834,0.0021037783462985044,0.0031292224148224616,3.760710062203947,0.37024483507050937,3.0131007925661177
Osbpl8,ENSMUSG00000020189,10,111297249,111164752,+,0.01561018192234494,0.004354138077222609,0.005013458776649109,3.5492857206263073,0.6140184073754504,0.10960662723001069
Selplg,ENSMUSG00000048163,5,113832644,113818536,-,0.023415893172759432,0.002504930035785704,0.003927181995781583,9.254443800766907,0.5864585533067515,2.303102614849199
Phf14,ENSMUSG00000029629,6,12081205,11907809,+,0.007941301101955699,0.0015746255523724222,0.0021270966049477193,4.992862003979908,0.5816883875532632,0.7196106134215348
Rsbn1l,ENSMUSG00000039968,5,20956398,20893028,-,0.012301381215276429,0.003620823061737154,0.004740478867103938,3.3634251647968894,0.5543901142997752,0.8239062516523536
Adgrg3,ENSMUSG00000060470,8,95045250,95017692,+,0.00786431545008082,0.002223968495194841,0.0026778292212200723,3.5008015232238763,0.52134670185027,1.9854685990089331
Pan3,ENSMUSG00000029647,5,147548502,147430161,+,0.009025771110718561,0.004069588066878077,0.005308267994373461,2.195680067065392,0.4766815401119387,0.12498476149489901
Syne1,ENSMUSG00000096054,10,5551482,5020917,-,0.004631650980903644,0.005234581306923301,0.008012015949304245,0.8759696721168521,0.5042487372127383,0.3859756931911227
Kmt2e,ENSMUSG00000029004,5,23504235,23434441,+,0.01609143110095539,0.003340430136750643,0.004656737406577636,4.769001636849686,0.4557998535416405,1.4039811030702092
Med13l,ENSMUSG00000018076,5,118765438,118560679,+,0.007659788822026881,0.0022271142882039395,0.004533322717210532,3.149157101926969,0.4755307077076431,0.9033986619062022
Dtnbp1,ENSMUSG00000057531,13,45002147,44922075,-,0.15129072540777855,0.006335334988601366,0.021742843990948196,23.641657216734924,0.44319995441806403,11.932248567571559
Arid4b,ENSMUSG00000039219,13,14199603,14063232,+,0.04960982846618734,0.003804829550633678,0.015492885359887954,12.90826028549578,0.5865102095358995,2.819956684168248
Myh9,ENSMUSG00000022443,15,77842175,77760587,-,0.022658405088087422,0.0021129782854698007,0.006720031872109305,10.616209921068378,0.5544587881465035,5.225079375157284
Il15,ENSMUSG00000031712,8,82403222,82331632,-,0.004898423884308258,0.0028187749188514225,0.004149917176759168,1.7204068381029858,0.6903970537640457,0.7631930427860814
Uqcrq,ENSMUSG00000044894,11,53430831,53427922,-,0.23462067095374323,0.0034040889860675098,0.013309613432107808,68.23395780629552,0.5441527458735553,43.111440334743136
Ankrd11,ENSMUSG00000035569,8,123042277,122883822,-,0.005772678123952448,0.0015354683139123088,0.0017357474112972549,3.721959802707662,0.40345093233455415,0.6444278340001686
Tipin,ENSMUSG00000032397,9,64305424,64281581,+,0.2500743426951323,0.0059437920915935616,0.02153731117466732,41.652466212324256,0.5852719112208897,22.11063714650728
Ash1l,ENSMUSG00000028053,3,89079375,88950622,+,0.006913609411921409,0.0014041465823999022,0.0018780665022641618,4.874472084035514,0.4630204481929246,0.49811277087139727
Kctd1,ENSMUSG00000036225,18,15151446,14968685,-,0.002580929103585784,0.001521902618391571,0.0019464136900481867,1.6788983616115432,0.4973279463715344,0.32061202576503345
Baz2b,ENSMUSG00000026987,2,60209839,59899363,-,0.0031685463769833603,0.0018638311676909423,0.0018714597296379844,1.683017736579495,0.4195487937995124,0.2953976946993915
Abcg2,ENSMUSG00000029802,6,58695676,58584523,+,0.017595210450600782,0.005061571542619263,0.006862727956089083,3.441472317327091,0.5501593768736942,1.4682666710573093
Ncoa3,ENSMUSG00000027678,2,166073242,165992636,+,0.006945437200361148,0.0036092480351844884,0.0035983463728509945,1.9051012181284093,0.44146352170511016,1.5623591504744407
Klhl6,ENSMUSG00000043008,16,19983037,19946496,-,0.0034007449800183675,0.0015177146593489273,0.0018568105130592103,2.2182941368323177,0.5969208313249266,1.1486806558472322
Tfdp2,ENSMUSG00000032411,9,96323646,96196275,+,0.008964432377995237,0.003852861106891992,0.004503145309625825,2.3034279741722523,0.4786007307591066,1.4002930146829176
Adam10,ENSMUSG00000054693,9,70780229,70678997,+,0.00515088964503565,0.0012581305756013228,0.0014403168319544976,4.053141102741301,0.5397375311362291,0.7488022061443156
Cbx5,ENSMUSG00000009575,15,103239816,103191544,-,0.018752573647426204,0.0025194898314608804,0.0037856009783350003,7.368574256236366,0.5623747091083799,2.8133070278359105
Zfand6,ENSMUSG00000030629,7,84689959,84613766,-,0.01002020767088061,0.0014359608324804277,0.0026716103101806486,6.90827031614528,0.5967742082375558,3.329125453979371
Kcnn4,ENSMUSG00000054342,7,24386690,24370263,+,0.02570620669623382,0.006638754357740253,0.007576265074874543,3.833421641757211,0.4213338887287576,2.8527904405988522
Stat3,ENSMUSG00000004040,11,100939540,100885098,-,0.01292910707998057,0.006678082867170858,0.007329322036389795,1.9166902034271032,0.4753182720287621,0.8160639554084399
Mboat2,ENSMUSG00000020646,12,24964397,24830879,+,0.01558815465320049,0.007225654011609807,0.009587867317532778,2.1357614247613723,0.9533251532914817,1.9042384619372423
Snrpd1,ENSMUSG00000002477,18,10628230,10617796,+,0.5926822732726368,0.0067807531693429976,0.01970788001320034,86.53248922151262,0.4759191630797179,54.15753804675127
Eef1g,ENSMUSG00000071644,19,8978479,8967041,+,0.04884048244547208,0.0016182014256998938,0.002388582536763879,29.88013534848076,0.3307830384768629,33.224345081380875
Sfpq,ENSMUSG00000028820,4,127037013,127021324,+,0.009600169107992869,0.0019681398854676456,0.001855834854862178,4.829010116145619,0.3572884294349371,2.253522637758061
Arhgap30,ENSMUSG00000048865,1,171410298,171388954,+,0.006299140537395018,0.002037057328664867,0.002988554822830213,3.061351805993786,0.5265490883281526,5.415047349298281
Zeb2,ENSMUSG00000026872,2,45117395,44983632,-,0.002972865692367434,0.0016895375039783743,0.0016111709416558205,1.741977925031862,0.4213907832676288,0.11200686751626585
Celf2,ENSMUSG00000002107,2,7509563,6539694,-,0.007621403707267373,0.0024931143986512915,0.001870096054070194,3.0264113328599946,0.5023474963458945,0.1949858046267784
Smg6,ENSMUSG00000038290,11,75164448,74925823,+,0.012839494970227064,0.002086674644819977,0.002733606802703091,6.091558189044566,0.5515554460163985,0.18430217533940219
Rb1cc1,ENSMUSG00000025907,1,6276648,6206197,+,0.008789174299616453,0.0033507675653339257,0.0053013249257428665,2.5968027883047595,0.5034702478176822,1.5693434996597864
Sltm,ENSMUSG00000032212,9,70592234,70542754,+,0.03654262314219994,0.0027547844060143716,0.007706645327948187,13.132496623617525,0.4434808244837291,4.356411126315681
Tmpo,ENSMUSG00000019961,10,91181315,91147571,-,0.017209052623538133,0.0026799689473935777,0.00329680646837187,6.357149068414456,0.5066631209679369,4.335190923017883
Bbx,ENSMUSG00000022641,16,50432390,50191844,-,0.007379295365346814,0.004209882601170306,0.004932436301203481,1.7353221226792612,0.4538920369600288,0.932704179948747
Supt16,ENSMUSG00000035726,14,52197416,52160414,-,0.1600718783137241,0.003821824530968553,0.013148774863561188,39.49576730932233,0.5337756989338518,24.278413343288193
Bptf,ENSMUSG00000040481,11,107132127,107033081,-,0.005560462453383667,0.001314602683832127,0.001775043066999605,4.187468880561629,0.4358013385349509,1.448407558216883
Zcchc6,ENSMUSG00000035248,13,59823147,59771561,-,0.008518358098554817,0.003531734899470709,0.004726235842721706,2.3878277270565027,0.604573073151469,0.8536863088083217
Aig1,ENSMUSG00000019806,10,13868980,13647054,-,0.04661488376786276,0.004393752755229858,0.016433071825857185,10.503261676536889,0.699829149211659,3.731717610981086
H3f3a,ENSMUSG00000060743,1,180813943,180800832,-,0.07997181613097516,0.004281576690458422,0.002235882600073684,18.491341786800643,0.4154686337329988,10.294448845695047
Gng2,ENSMUSG00000043004,14,19977627,19872559,-,0.0063878289868375205,0.0023601029238316256,0.002845925745655978,2.6795232670201585,0.5549474306303234,1.9522225905548902
Ddx6,ENSMUSG00000032097,9,44640731,44604892,+,0.022524035666368483,0.001537126468252467,0.004682031378342009,14.506805894153862,0.5326845091772007,4.771059376460283
Pla2g4a,ENSMUSG00000056220,1,149961290,149829618,-,0.0047921315250174755,0.0018427795866566125,0.0026074760149596733,2.5744859798315898,0.5220183659923558,0.9499699627556174
Bub1b,ENSMUSG00000040084,2,118641591,118598211,+,0.028749428666022547,0.00756892052203282,0.012674894716118606,3.760369037633674,0.7211211454948642,3.0234913056828336
Kmt2c,ENSMUSG00000038056,5,25498783,25271798,-,0.0071164943158635655,0.0030071163560590882,0.005140683236291627,2.342885521708922,0.48883039756065877,0.7314487183076044
Cnot6l,ENSMUSG00000034724,5,96164171,96070333,-,0.007877765926391112,0.002340961636681586,0.003223054310124287,3.3315318563625,0.5092471718897544,1.038960925574269
Kdm5a,ENSMUSG00000030180,6,120444574,120364124,+,0.005316420076669684,0.00222430835277783,0.0027142366230571255,2.3662438120730718,0.4283519908979244,0.900824210332245
Eif3a,ENSMUSG00000024991,19,60790693,60761116,-,0.02431231949974119,0.0012241805414120964,0.0021274268192903465,19.661475975577815,0.372442502562636,15.866102029692662
Cyth3,ENSMUSG00000018001,5,143710250,143622447,+,0.00882754004910808,0.004506560963669297,0.006664285972467412,1.9392314270395188,0.8805069330454172,1.3707642029291471
Uqcrh,ENSMUSG00000063882,4,116075071,116066965,-,0.0521623463163353,0.0006813578345867778,0.0011921231393462117,75.79089904277747,0.42005895806067944,7.399197172205996
Tnrc6b,ENSMUSG00000047888,15,80941085,80711313,+,0.01302028206679667,0.0014868710868335725,0.0051173813875061034,8.669264847687167,0.6684055192401643,1.592614219682242
Top1,ENSMUSG00000070544,2,160722764,160645888,+,0.01143412082622967,0.001437550089099213,0.0015884182667868895,7.874354920780876,0.3525012736869488,4.737344771316467
Macf1,ENSMUSG00000028649,4,123684360,123349633,-,0.010774611053025185,0.0024682882514073003,0.0032548145232518685,4.321563713805791,0.49029189337248413,0.5261911308168914
Narf,ENSMUSG00000000056,11,121255856,121237253,+,0.01771890181418986,0.005848966925563674,0.010819769412871992,2.999113009064834,0.5883075151884362,2.759081940445724
Agps,ENSMUSG00000042410,2,75931350,75832177,+,0.01559311054787729,0.006626414922078973,0.008857079082699016,2.3296427440669913,0.5230225180673901,0.8767995105878315
Dyrk3,ENSMUSG00000016526,1,131138340,131127455,-,0.029538354962382583,0.013971564604726925,0.017734810812705396,2.0930348346859544,0.6547780545691817,1.9543744656951703
Metap2,ENSMUSG00000036112,10,93897093,93858489,-,0.1779941223928885,0.004454453864779766,0.0066023176450318325,39.559098941901794,0.4251809197850857,3.4664555851629846
Rab11a,ENSMUSG00000004771,9,64737758,64715299,-,0.00874186838670517,0.0020272580350350145,0.0024000285914654407,4.269042003174815,0.4691227586601645,3.988748462883866
Adk,ENSMUSG00000039197,14,21448569,21052574,+,0.07100056716467545,0.0038704730151962264,0.01372693384072018,18.160716071925666,0.6023499546073573,3.27464181067611
Prrc2c,ENSMUSG00000040225,1,162740556,162670725,-,0.0758722053775801,0.0034450563077417775,0.010519319091633082,21.803267236883258,0.5350844729918591,7.627452122015036
Ezh2,ENSMUSG00000029687,6,47595341,47530139,-,0.04209727137442329,0.005743921489287765,0.008780833329562714,7.255722199268228,0.5672424267679004,2.59550286874864
Zfp292,ENSMUSG00000039967,4,34882960,34803113,-,0.007529428952459814,0.00152527226441134,0.00357066457046847,4.887084645056499,0.6129095226901738,2.061953836983903
Atrx,ENSMUSG00000031229,X,105929403,105797615,-,0.008140520106170725,0.0016617267562251245,0.002033569095779341,4.849843618945255,0.46807833570619684,0.43718606978155383
Rrbp1,ENSMUSG00000027422,2,144011263,143947395,-,0.027403120343833673,0.0018836591176157266,0.00455532194476738,14.402334735986859,0.478153433171451,21.82564459036744
Crebbp,ENSMUSG00000022521,16,4213997,4081328,-,0.03223494370442654,0.0037708699682001572,0.013487474801374912,8.462926204430806,0.658275456667197,2.7616759451683324
Add1,ENSMUSG00000029106,5,34632308,34573664,+,0.008231685962156865,0.003035700153621531,0.004698380308184367,2.6845105544476318,0.5564401890818995,2.1587087896843697
Diaph3,ENSMUSG00000022021,14,87141235,86655367,-,0.006034584191162857,0.0025534956592905937,0.004121696330906595,2.339631292308904,0.6086649775139574,0.44644715734766727
Mapkapk2,ENSMUSG00000016528,1,131097826,131053700,-,0.048900484445575064,0.002349656412617499,0.008108324928126995,20.60364202236245,0.6147610016603835,15.672377390283337
Hells,ENSMUSG00000025001,19,38971051,38930915,+,0.034404693736928844,0.007543652952458467,0.011566057866548537,4.515139682885231,0.75084396817331,2.8807018802712157
Nipbl,ENSMUSG00000022141,15,8444463,8290617,-,0.013339408407704926,0.003081303558162522,0.0042640999582755695,4.2858530730101245,0.42458622510789773,0.9589399300681568
Arid4a,ENSMUSG00000048118,12,71098592,71015990,+,0.0043659225492992315,0.0013762005113046605,0.0018857806645963282,3.140722073783175,0.4547795670816224,1.9217408803631262
Rsu1,ENSMUSG00000026727,2,13271415,13076821,-,0.05478006994084729,0.0029109148968127926,0.006931140177120323,18.63066120580117,0.45664916878726675,10.657264533179514
Top2b,ENSMUSG00000017485,14,16435462,16365179,+,0.007804574369185656,0.0024283774314700734,0.002722494459945501,3.1817659501210116,0.446865222082788,2.905579516938351
Gnai2,ENSMUSG00000032562,9,107635367,107614125,-,0.1104843953380081,0.002597154194402584,0.01059512420374,42.11515497245565,0.5790626325778936,6.319503446243562
Ubash3b,ENSMUSG00000032020,9,41161697,41011098,-,0.006596360489968402,0.0046547439853626745,0.006359941387549241,1.4029551153842676,0.4772588301207963,0.4226788190791544
Nasp,ENSMUSG00000028693,4,116627941,116601052,-,0.13064988190849203,0.004300847524645511,0.012454204108809054,30.07392899846362,0.587319800410356,15.819390616160845
Bub1,ENSMUSG00000027379,2,127831865,127801122,-,0.05976328811171991,0.015656938583184538,0.024125029892633647,3.7788776468821488,0.7531460357507493,3.5879235480495035
Prkar2b,ENSMUSG00000002997,12,32061296,31958476,-,0.060144868368958354,0.004886199269244092,0.01973938045453324,12.15771490283554,0.6398275636774747,3.8551222408185093
Hnrnpd,ENSMUSG00000000568,5,99978938,99955935,-,0.0578964815540142,0.0023774724948199847,0.0031029009642191694,24.10859299670425,0.5066407491938802,3.019976844358024
Senp6,ENSMUSG00000034252,9,80144953,80066903,+,0.014059464143244693,0.0011646904936672131,0.003314746978180947,11.950702420508708,0.6604517707103713,2.5585457036467005
Arid5b,ENSMUSG00000019947,10,68278740,68092520,-,0.008931201758709349,0.007424065541745778,0.010119259230627245,1.1909767891196543,0.6563729649889415,0.4579402716145693
Ddx17,ENSMUSG00000055065,15,79546741,79527736,-,0.02979388564948778,0.003235257592628423,0.009494263119974365,9.117031935942228,0.47858349676514494,6.570225898254414
Ncor1,ENSMUSG00000018501,11,62458541,62316426,-,0.008980958910792291,0.0013620738595553398,0.0013093671289300265,6.527655794368564,0.34366594826691826,0.9332484754144619
Fam105a,ENSMUSG00000056069,15,27681579,27655069,-,0.007467749666509562,0.0022925970916409,0.0033183611827858313,3.2247585922535387,0.6137389275558067,1.7644369478568402
Mbtd1,ENSMUSG00000059474,11,93946985,93885852,+,0.017444081727726202,0.00368666427040329,0.010623420696949753,4.684354105441716,0.5728275431914415,1.2097137606331776
Ssbp3,ENSMUSG00000061887,4,107049694,106910701,+,0.006596016211707193,0.0020068671497279287,0.00261063714386582,3.253855667763261,0.46025573358260635,2.485971176888092
Lmna,ENSMUSG00000028063,3,88509956,88480147,-,0.28896849564709054,0.16349230353746505,0.16075356215405515,1.7497998651970996,1.1616469044479902,0.19912981800886492
Pecam1,ENSMUSG00000020717,11,106750628,106654217,-,0.0061158458316179914,0.006124524320780173,0.005515490480776269,0.9885971638252119,0.4999528196645726,0.31459837165608384
Clspn,ENSMUSG00000042489,4,126593903,126556935,+,0.013073711518563768,0.0031614410967105845,0.004882008032928659,4.0940109296501,0.7444792117432864,3.096976689780316
Cdca2,ENSMUSG00000048922,14,67715841,67676331,-,0.26647985634059435,0.024246893576870696,0.0949778864484172,10.88036522867588,0.8212094350718775,4.770562659482215
Zmiz1,ENSMUSG00000007817,14,25666743,25459185,+,0.003808564373385385,0.0025680812372858154,0.0030333509624102784,1.4682085110502658,0.43213931346689516,0.6278506119893437
Rnf130,ENSMUSG00000020376,11,50104758,50025346,+,0.05267210679830626,0.0025383118905554425,0.006891298620347817,20.543332726110563,0.49479622388072286,7.267266356477132
Atp13a3,ENSMUSG00000022533,16,30405975,30312423,-,0.014492901152952842,0.006742525763848119,0.009403850660009436,2.127981804438013,0.5634329503456443,0.650710863240523
Ppp3ca,ENSMUSG00000028161,3,136937727,136670124,+,0.004721272351021767,0.0013585643991619004,0.001993384207196739,3.4404402400025944,0.42078374456318646,0.4177696992202813
Rdm1,ENSMUSG00000010362,11,101636100,101627195,+,0.01825684121726263,0.0019511883879572709,0.0075162756814721576,9.263212571704692,0.3802418493210021,1.7384461037083152
Tpr,ENSMUSG00000006005,1,150449935,150392838,+,0.038054459489280254,0.0023943480668474223,0.004189925722887236,15.734518893066264,0.3483391411455639,11.923517303028031
Kat6a,ENSMUSG00000031540,8,22943259,22859535,+,0.033695315254250714,0.0040847147747440065,0.017293140739876214,8.166631929349048,0.5701366964190169,3.887456044240212
Pum1,ENSMUSG00000028580,4,130781564,130663321,+,0.019188267523705078,0.0015149319312973612,0.005803194958002512,12.539431281377675,0.6167336598122013,2.5992526245880985
Pnisr,ENSMUSG00000028248,4,21876475,21847583,+,0.010288948723895637,0.0016640003174439749,0.0022886908048670865,6.1214286619267035,0.5499072156144493,0.9427730225398461
Dock2,ENSMUSG00000020143,11,34783892,34226815,-,0.005109454076217274,0.002975524647652471,0.0032713969991658718,1.6999891227403798,0.43228642654716265,0.2546607753028657
Rpl38,ENSMUSG00000057322,11,114672331,114668524,+,0.03080838882311382,0.0008346809801391096,0.0009568118456487604,36.54127224727157,0.4211101019554911,6.498194047191854
Pola1,ENSMUSG00000006678,X,93632155,93304767,-,0.04089825652247318,0.005287005668512305,0.008458278394900817,7.658261877491348,0.6334866774460196,0.47383740818099046
Parp8,ENSMUSG00000021725,13,117025537,116854820,-,0.011470949845783203,0.00524308965312981,0.0076680248190115225,2.1659443379051084,0.7009567219511444,0.2214229750299548
Pten,ENSMUSG00000013663,19,32826160,32757497,+,0.005909332581043963,0.0015943605612681081,0.0022224248933134187,3.6693326449196744,0.5586552419546185,0.5820907246557708
Ttc14,ENSMUSG00000027677,3,33814860,33799832,+,0.006776980172717511,0.0037829322870199904,0.004777037963459485,1.7735475715520999,0.4197151491562637,1.489386739041289
Skap2,ENSMUSG00000059182,6,52012549,51857422,-,0.014194226661166058,0.0037456821261541468,0.004193578127975689,3.7515955495621522,0.5399335967257031,1.3583671224371736
Ptbp3,ENSMUSG00000028382,4,59549364,59471868,-,0.006693216243411755,0.0015627154562675458,0.0018578758892649858,4.240237117001536,0.39370926448162874,0.8844128112663673
Clic4,ENSMUSG00000037242,4,135272814,135213969,-,0.019865047821426146,0.011048666850189523,0.017364397937910232,1.7799792146755278,0.4409286033923435,0.9619821089954708
Cntrl,ENSMUSG00000057110,2,35178822,35109492,+,0.027527334525489822,0.003135836056693659,0.008762055518034237,8.69052485127962,0.48275267802651245,8.282159740299665
Mgmt,ENSMUSG00000054612,7,137130266,136894614,+,0.006099996487209394,0.0031862525463855905,0.003902484424048065,1.8953288963826158,0.4627846953844725,0.9935971880670915
Arid1a,ENSMUSG00000007880,4,133756769,133679008,-,0.013712434947524518,0.0030439223258933506,0.005498547769724743,4.459808478872765,0.4823429106284433,2.4141765031595614
Hspa4,ENSMUSG00000020361,11,53300457,53259814,-,0.028922455998206156,0.005574584870136893,0.004417079093962428,5.136388108756332,0.3941159139218773,0.9897453981123101
Reep5,ENSMUSG00000005873,18,34373415,34344889,-,0.00855621229473623,0.0009158716164146476,0.0010001685856096587,9.2487309574554,0.6006346378447558,1.4840556165909466
Wasf2,ENSMUSG00000028868,4,133199756,133130505,+,0.01558425964866631,0.0013327660807712094,0.003357393177515879,11.57623777703882,0.5660023794580734,4.682195767532447
Srrm2,ENSMUSG00000039218,17,23824741,23790662,+,0.0684661265818004,0.0028512183438215567,0.005347896718232269,23.77280767110009,0.4100893865891197,8.219345463370393
Rsf1,ENSMUSG00000035623,7,97692778,97579889,+,0.00800286271141505,0.0036700494295027896,0.004809979769490274,2.158781301584341,0.4180235882616846,1.3764513258243536
Thrap3,ENSMUSG00000043962,4,126202760,126164082,-,0.008106196841963799,0.0020649649239120813,0.002162554627462705,3.8863298744757957,0.4002514569169301,2.104338153215301
Smc5,ENSMUSG00000024943,19,23273897,23206451,-,0.008426627517295246,0.005833910384570808,0.006523619402423751,1.4299776123036947,0.4101720464031261,1.474374531414881
Eml4,ENSMUSG00000032624,17,83480361,83350931,+,0.024480263963793516,0.004553852444236665,0.009465457173056548,5.321968952864924,0.6078740571891333,1.547299556800596
Ect2,ENSMUSG00000027699,3,27153878,27097222,-,0.016879847361306165,0.011316831057104088,0.013074911053019602,1.4766544453451762,0.6203042857701064,0.5384076163336369
Ccdc88a,ENSMUSG00000032740,11,29510808,29373658,+,0.00820012578638789,0.0045136480335865046,0.0059966639686851375,1.798572788156329,0.450206739667712,1.1008255874937127
Terf1,ENSMUSG00000025925,1,15844052,15805646,+,0.045330754326995175,0.01223592372041902,0.01575882795564775,3.6676795155918467,0.45412639779797237,0.8859556507957861
Ptges3,ENSMUSG00000071072,10,128077272,128058954,+,0.12374626548204297,0.0019273877523959153,0.006392743436533088,63.56209469263937,0.4590302659540272,32.29094957964668
App,ENSMUSG00000022892,16,85173766,84949685,-,0.009298005228277659,0.004281478049176982,0.006426317659782388,2.1499643511577364,0.7058685334432506,1.7647505704497601
Slk,ENSMUSG00000025060,19,47645246,47579678,+,0.035432733988944205,0.003554138709977462,0.010979312622967974,9.869734839155225,0.42312632859137295,6.427438188751285
Crlf3,ENSMUSG00000017561,11,80080991,80046493,-,0.025934077984644303,0.004107659013381793,0.008327533339604475,6.25045485059874,0.5591455896753643,2.7136224372481728
Mgea5,ENSMUSG00000025220,19,45783520,45750261,-,0.003997256079567119,0.002723196451050823,0.0034267545741111143,1.4531759239200008,0.4318240631538017,1.2575458411013702
H13,ENSMUSG00000019188,2,152708670,152669461,+,0.012211373539732917,0.001879005503622878,0.002738034552801956,6.433860774237487,0.4496535220370985,7.480415785084562
Mcm4,ENSMUSG00000022673,16,15637400,15623897,-,0.008984897282870816,0.00176854107631803,0.002349988419253912,5.0295966710374245,0.6562486941149017,1.031769894982392
Ccnl1,ENSMUSG00000027829,3,65958249,65946151,-,0.006036123275999444,0.002589758648461347,0.0024203294538220005,2.3074590548388856,0.42903497731070134,1.6414981101696071
Ep300,ENSMUSG00000055024,15,81652077,81585351,+,0.0026484067718683195,0.0015373994013930215,0.001952610493085634,1.7054271660142053,0.36908040519539564,1.8779087735078466
Nrros,ENSMUSG00000052384,16,32165594,32142785,-,0.00934425521929727,0.002557652374683415,0.0028466650410764625,3.616915558452059,0.38851282824152106,0.9854100770832064
Dock11,ENSMUSG00000031093,X,36076562,35888832,+,0.003029744693425591,0.0019106308787435623,0.0025331683495161037,1.569872694857618,0.5085032516270555,0.42396919795490506
Ncf2,ENSMUSG00000026480,1,152836991,152800194,+,0.013111723812563779,0.004216238900230938,0.005094157770100777,3.0787170465428675,0.5083861708026581,5.748237796840076
Ankrd13a,ENSMUSG00000041870,5,114806200,114774677,+,0.00528337652321305,0.0015297950321215353,0.0017730034145130283,3.4191134420976317,0.5063713104742937,1.282366429077698
Rbm39,ENSMUSG00000027620,2,156180238,156147239,-,0.00765584901291086,0.001209239793340994,0.001126093749851474,6.267814344614827,0.4017661477082485,0.8499370471821619
Cit,ENSMUSG00000029516,5,116008947,115845278,+,0.07385003661630114,0.007264921690819564,0.013498386589370822,10.063637209266371,0.6384926757100853,1.4187699707466215
Clint1,ENSMUSG00000006169,11,45910625,45852051,+,0.010638010012094143,0.003054895314583124,0.0029521166002483535,3.447460167194097,0.38847904746406636,1.140860529952751
Gpatch8,ENSMUSG00000034621,11,102556392,102475915,-,0.007280417462557428,0.005043841744814678,0.005216687147714773,1.4289927504846165,0.4537133631158449,0.510303785025406
Comt,ENSMUSG00000000326,16,18426852,18406886,-,0.013129806004683693,0.0004565741613117245,0.0011968930194643978,28.469653007284766,0.3700837078208482,14.177342142472781
Rad50,ENSMUSG00000020380,11,53707319,53649519,-,0.042769012827773165,0.0032480820319559347,0.009299173469928115,12.87486940835369,0.5599374975593864,7.415765889243307
Ptov1,ENSMUSG00000038502,7,44869788,44863067,-,0.01162201505628659,0.004429306720282587,0.006429972852689655,2.5976514231982697,0.4342951314949887,1.3938317866092413
Nop58,ENSMUSG00000026020,1,59719044,59684971,+,0.0341831644586322,0.0024879719668058887,0.00338384688583507,13.601975128960996,0.4775836543581542,1.3138172534144892
Hnrnpdl,ENSMUSG00000029328,5,100039664,100033577,-,0.014168651617532526,0.0015560480022626167,0.0023312986630193585,9.014480967785625,0.31278146069805873,7.232815405325358
Add3,ENSMUSG00000025026,19,53247399,53140445,+,0.007992561799791506,0.0036507866446115027,0.00548204530580567,2.1673784178739957,0.46348123274562025,3.0756622685086388
R3hdm2,ENSMUSG00000025404,10,127499384,127380327,+,0.004145183724285511,0.0025555950207345204,0.00309078252373608,1.6057833317671655,0.4299713124338371,0.884410933946183
Man1a,ENSMUSG00000003746,10,54076609,53904785,-,0.003974717144605477,0.0036154945459207183,0.004391740089288053,1.0883628569151518,0.45235566275678907,0.3137324747830913
Nr3c1,ENSMUSG00000024431,18,39491301,39410545,-,0.00852856061928207,0.002098674372740805,0.00407920769923211,4.0231467648135375,0.5048568583748207,2.803388922860089
Baz1b,ENSMUSG00000002748,5,135246129,135187264,+,0.006564196889544393,0.0016777470970126013,0.0019736083878189137,3.873381710640587,0.441096676784051,2.8101214253131697
Vcl,ENSMUSG00000021823,14,21033676,20929398,+,0.007107963965002238,0.004099441918572383,0.006338782135221087,1.7165469020238704,0.5490614795024779,1.0212703203109386
Glud1,ENSMUSG00000021794,14,34345265,34310727,+,0.009100520585215101,0.002556137994718458,0.002760752748053459,3.5246592312224867,0.3712783299393692,2.674965307418609
Anp32e,ENSMUSG00000015749,3,95947390,95929246,+,0.13839507046749983,0.0044864837802368095,0.014657796955485324,27.828615169915757,0.6369855145892115,31.206156403585975
Neil3,ENSMUSG00000039396,8,53639065,53586867,-,0.020502462513050698,0.011709577910693035,0.01425638446192587,1.733404742914331,0.7311209374015086,0.9073376373366
Jmjd1c,ENSMUSG00000037876,10,67256326,67096125,+,0.022720225119866225,0.005035908408942096,0.016315161034368808,4.466527395281345,0.49161485673386784,0.9715434193188857
Rif1,ENSMUSG00000036202,2,52122383,52072832,+,0.0051549991552574965,0.0015435873656115659,0.002252586703766764,3.3062263124205775,0.4368505739608776,1.3678241926955015
Pbrm1,ENSMUSG00000042323,14,31121592,31019138,+,0.03501571719965009,0.0030714470554773173,0.008522246111884811,11.286393482132285,0.48304368188907404,5.386626570849327
Foxp1,ENSMUSG00000030067,6,99522721,98925338,-,0.005833838610393284,0.0038757811101708655,0.004594455281966133,1.4901512908283758,0.4218532965236478,0.15546416879557057
Smarcc1,ENSMUSG00000032481,9,110240178,110117708,+,0.023261096696387377,0.0061880310083669765,0.006419236558401328,3.721456097793655,0.490159469383414,1.8229870170657505
Rere,ENSMUSG00000039852,4,150621966,150281646,+,0.004759817762041266,0.004499612982006923,0.004289754653306829,1.0472499753343463,0.43469314367599415,0.2056604418937902
Mbnl1,ENSMUSG00000027763,3,60629750,60472830,+,0.005461644994638091,0.0013420033394497383,0.0015741869673799526,4.029072347099192,0.4080660222970215,0.47346771518878217
Kcnk12,ENSMUSG00000050138,17,87797994,87745837,-,0.010221374292320104,0.004470933610518755,0.005679767424097956,2.2633215858069504,0.7023078293943079,2.261801335707314
Slc38a2,ENSMUSG00000022462,15,96699730,96687392,-,0.023486401938662384,0.0025477564577798422,0.007648017886608532,9.126279652152288,0.5328033469964122,3.7039205990780797
Herpud1,ENSMUSG00000031770,8,94395377,94386438,+,0.008236734536122762,0.003455256731168292,0.004032906416413098,2.359988801180738,0.3747008589076891,2.2965691098055188
Herc6,ENSMUSG00000029798,6,57664632,57581000,+,0.0018564956040639938,0.002391459083626289,0.003561217931765096,0.7685394496636789,0.5011897040915434,0.5110952783217918
Cux1,ENSMUSG00000029705,5,136567490,136248135,-,0.002722544051442235,0.0013708852392171516,0.0010072002379420137,1.9661154222267234,0.44298842819907625,0.1783045243988527
Ammecr1,ENSMUSG00000042225,X,142966728,142851146,-,0.008929896740982367,0.0024857687528671573,0.003204176359708355,3.556484392755981,0.5354619994595465,2.196496715282784
Lyst,ENSMUSG00000019726,13,13778803,13590397,+,0.016125475960790406,0.003458151964228682,0.006718478385106937,4.616402450302156,0.5890210776305587,0.5923326498534187
Xrcc6,ENSMUSG00000022471,15,82040085,81987835,+,0.027337537091822045,0.0034456212263729562,0.008553628970592917,7.854653759894844,0.45860961462806177,8.218639024450688
Cep350,ENSMUSG00000033671,1,155973255,155844964,-,0.00665387954952991,0.0028866716531121194,0.003783448469085459,2.281984771954511,0.4081919997434852,1.6285011079326095
Brd1,ENSMUSG00000022387,15,88734233,88687034,-,0.013303688154538529,0.0041471652574845115,0.004562760583393001,3.175820218213798,0.4037192651820994,6.0248217375161275
Gnai3,ENSMUSG00000000001,3,108146146,108107280,-,0.010310729632881219,0.0030921087980132224,0.0033540923541649365,3.3011847264595366,0.375870967055844,2.774568617980402
Trip11,ENSMUSG00000021188,12,101913267,101834043,-,0.01052205575095996,0.00672123107285006,0.009536528220980913,1.5498403611696128,0.3630261076911312,1.4653644726720332
Gsk3b,ENSMUSG00000022812,16,38246084,38089001,+,0.007981351143814612,0.0024053060058905175,0.0028021109055862644,3.285044652541445,0.41019559233739245,1.7085636249881735
Nfkb1,ENSMUSG00000028163,3,135691547,135584655,-,0.003501962555908781,0.002271037287973512,0.0020912866213253422,1.526590051475249,0.3979867056584468,0.910597114041876
Znrf1,ENSMUSG00000033545,8,111626030,111536097,+,0.026469591688564047,0.002444161185697725,0.007903954286018717,10.72142701758755,0.7389292725178249,1.9147825599984896
Wdr43,ENSMUSG00000041057,17,71659031,71616215,+,0.030377867594666024,0.0016834333929351243,0.00594715756977319,17.86473349342569,0.5692280032890917,9.08231561439005
Pum2,ENSMUSG00000020594,12,8752581,8674134,+,0.01301838867775306,0.001516900721843482,0.004595264899498703,8.49640626138839,0.5671411722151367,3.391424893522411
St8sia4,ENSMUSG00000040710,1,95667571,95587682,-,0.007081170578296369,0.005035649894145694,0.007308649343817578,1.3921458043903039,0.6917186759488763,0.5141515437343427
Frrs1,ENSMUSG00000033386,3,116908177,116859464,+,0.008246913269866452,0.002568079743239008,0.003394629532356067,3.179201953779802,0.42979762864139787,1.802798566612192
Ikzf1,ENSMUSG00000018654,11,11772926,11685003,+,0.007889502445622192,0.002755224489350436,0.00314555655701086,2.834835219908842,0.4816362905263706,0.16329881948098868
Srsf3,ENSMUSG00000071172,17,29043366,29032673,+,0.08447144346574491,0.004404899331900574,0.004019172572545469,18.984935348115023,0.3650317436174525,20.28897994878937
Phactr4,ENSMUSG00000066043,4,132422489,132355923,-,0.003607902718916386,0.003283881914960283,0.004666700379626001,1.0876833528803733,0.4699662155486901,0.7598016663570666
Zfp148,ENSMUSG00000022811,16,33504363,33380836,+,0.00244827059191932,0.001077182530917712,0.0011678957887336953,2.2501180778852463,0.3727046329061168,0.4291815243112681
Stk4,ENSMUSG00000018209,2,164155524,164070322,+,0.006894514136962362,0.0022976495471637524,0.002924849155331184,2.9706745330323794,0.4314424983452099,1.1922654689388659
Hat1,ENSMUSG00000027018,2,71441622,71388958,+,0.04712169319604423,0.002485709706675034,0.006469368922336642,18.767467552148304,0.4880325319255038,9.072288367880459
Gnl3,ENSMUSG00000042354,14,31019152,31012433,-,0.012159937666955545,0.002322963396129894,0.002537815477029899,5.182319407332081,0.48357163731097824,1.0650086037290571
Srsf2,ENSMUSG00000034120,11,116853094,116849901,-,0.05955871135865899,0.0011906134971007027,0.002285197569869005,49.52331246761036,0.6207506576375066,6.829882643680428
Usp15,ENSMUSG00000020124,10,123196995,123105006,-,0.003213858663173386,0.001071479545276447,0.0014094877293069346,2.969464130760193,0.3782080872564134,0.8380000725862922
Edem1,ENSMUSG00000030104,6,108859356,108828641,+,0.025714909805673883,0.01154972932839364,0.016946199568776153,2.204186780813318,0.5744574028667133,2.8546560319879806
Celf1,ENSMUSG00000005506,2,91019497,90940382,+,0.0066193990897012245,0.003229308561310727,0.0033963226006129134,2.029290473296973,0.3678196913071111,1.0497952668875223
Jarid2,ENSMUSG00000038518,13,44921643,44729474,+,0.002445457473115361,0.0015119293136124886,0.002266717184580844,1.6012672527657048,0.41688474146664795,0.3329639226647193
Hnrnpa1,ENSMUSG00000046434,15,103246692,103240432,+,0.011860547359817609,0.00346779117850634,0.0032452319374361837,3.3860002756212575,0.35738831651047387,3.3300491368065934
Vav3,ENSMUSG00000033721,3,109685698,109340653,+,0.021617425279146976,0.006373259811057003,0.015100976438462286,3.3579756138650367,0.7623554423886757,0.4710438375944743
Dcun1d1,ENSMUSG00000027708,3,35937445,35892105,-,0.006012317884042147,0.001735996458317025,0.0020182453272561403,3.4286905809543677,0.5207433592741915,1.9163928419663607
Ppm1g,ENSMUSG00000029147,5,31220687,31202664,-,0.08180615277399274,0.010318441965411752,0.012542187666242472,7.8488682223276935,0.3773124903492506,11.190660103856533
Syk,ENSMUSG00000021457,13,52648792,52583173,+,0.013417254541334155,0.0022615926775277078,0.006810775004973982,5.873330829157708,0.6026020211850026,2.22456624524608
Stx2,ENSMUSG00000029428,5,129008574,128984557,-,0.014116040079290336,0.00745856274366426,0.010292114634976837,1.8736692522119647,0.8042999867196079,2.0252034268783277
Plpp1,ENSMUSG00000021759,13,112867894,112800792,+,0.057672397495204634,0.023652435893832955,0.035458535579383846,2.4139447529435856,1.1206621928634366,3.4525367023043305
Wapl,ENSMUSG00000041408,14,34747983,34673928,+,0.04159561897927942,0.0017782108931204254,0.005815706236862703,23.15791841609072,0.5876054005293456,6.551475328291092
Dock8,ENSMUSG00000052085,19,25202432,24999529,+,0.08046301723717521,0.009723152476121856,0.01707415140658071,8.192650198629378,0.5259369581349244,0.27690578644713704
Zcchc7,ENSMUSG00000035649,4,44932215,44755877,+,0.013553181196198335,0.0015606367068690544,0.005619910394357652,7.902438991634116,0.6361057178224538,1.773321690891152
Rsrc2,ENSMUSG00000029422,5,123749414,123728426,-,0.020526665056177403,0.0024986295115727733,0.00558699756390834,8.133017844980241,0.4733264656347141,6.623202421585084
Ppp1r12a,ENSMUSG00000019907,10,108284475,108162193,+,0.010827451637079363,0.0019116069484934064,0.005442697074197132,5.607416906052088,0.5041787704008885,1.431577875358538
Oxr1,ENSMUSG00000022307,15,41861048,41447482,+,0.003142715681811255,0.0019630669434598873,0.0024140425516513907,1.5849120863446078,0.38984128210952157,0.7315019452138436
Rin3,ENSMUSG00000044456,12,102390855,102283048,+,0.007754565762178125,0.0032171165499770334,0.004397074631848008,2.38630462567828,0.4952907837587434,1.9376114714032835
Dtd1,ENSMUSG00000027430,2,144768758,144599897,+,0.023791630964524114,0.0018745597740339051,0.004452689304296388,12.564931234064163,0.4682330050543387,6.923397688179439
Cpq,ENSMUSG00000039007,15,33594552,33083129,+,0.006164631433077144,0.0031038998606268456,0.0031970552860606212,1.9662313195612726,0.3768719018735531,0.45633555135301607
Smc6,ENSMUSG00000020608,12,11319785,11265886,+,0.020806161589531712,0.003548947387304494,0.004939262416629939,5.804002631124131,0.45464861188063727,5.1459555151929735
Ica1,ENSMUSG00000062995,6,8778488,8630527,-,0.027257245576529403,0.00589137763324094,0.016712468169299975,4.580367241866893,0.6683318042071094,1.4931695474227942
Phip,ENSMUSG00000032253,9,82975516,82866159,-,0.0024931540798971094,0.001265619044123422,0.0015810031335451154,1.9502097021680398,0.3821378882490211,0.7321093872741962
Gspt1,ENSMUSG00000062203,16,11254325,11219292,-,0.1404191237316961,0.0047352776998153216,0.013362032096742716,29.3572924983472,0.47840774286788074,16.84678627563345
Clta,ENSMUSG00000028478,4,44032846,44004452,+,0.03577773696686804,0.0027907417041583265,0.002394681276111283,12.691951943966036,0.35511794418593995,22.442713176329132
Hook3,ENSMUSG00000037234,8,26119224,26021421,-,0.002415510692116159,0.0013165476483630273,0.0015088581241052288,1.8163836213359754,0.3128926929913798,1.8563562105626414
Rbbp6,ENSMUSG00000030779,7,123002557,122965686,+,0.006771406642610524,0.0038553736607670184,0.004414574122022156,1.738791921624202,0.38393066715891994,1.1255494481960513
Picalm,ENSMUSG00000039361,7,90213465,90130213,+,0.07520422874615153,0.008985141888297516,0.029218620876057675,8.286144769250498,0.5810985285260845,4.240135135060955
Smc3,ENSMUSG00000024974,19,53645833,53600398,+,0.019395796577920867,0.002862096375074121,0.0035184944382200332,6.709011890504345,0.39345847164092324,4.669298419640806
Rock1,ENSMUSG00000024290,18,10181792,10064401,-,0.005807014230835999,0.0015097872051846079,0.0015401123146548037,3.8077843478774827,0.35898118552610486,0.5892095985924152
Coro7,ENSMUSG00000039637,16,4679777,4626133,-,0.004763799652439186,0.0029124148191361577,0.003563538923912431,1.6193303319729844,0.6558757667710493,0.8460936705804121
Wnk1,ENSMUSG00000045962,6,120038672,119923969,-,0.007185739898556262,0.003394827502169474,0.0038131246008769487,2.0955063239662555,0.40388568417246146,0.5501503677474217
Ppp2cb,ENSMUSG00000009630,8,33619441,33599625,+,0.012071850578790356,0.0031994588938377617,0.0040334102285629935,3.735360406105118,0.4101257870740984,5.2256826803540175
Ptpra,ENSMUSG00000027303,2,130556124,130450278,+,0.011772665737451315,0.005025011759486334,0.0052399955610303185,2.3193854338896496,0.3396956963520247,1.971419958865582
Arsb,ENSMUSG00000042082,13,93943016,93771630,+,0.010247055757888769,0.005714673672770008,0.007633360584491306,1.775181888101165,0.7539458028169564,0.9674977283177137
Mctp1,ENSMUSG00000021596,13,77031810,76384535,+,0.002562487790693819,0.002203226588275108,0.0027944361559138885,1.1514307816941218,0.5488382958996793,0.11465044657946835
Kif2a,ENSMUSG00000021693,13,107022126,106958996,-,0.013689552787380556,0.004104118200025835,0.005166102188544856,3.30220929295395,0.3860616202776684,1.330882592780415
Osbpl9,ENSMUSG00000028559,4,109202272,109061145,-,0.003597379084534395,0.0016368293926425088,0.002426566216042247,2.1757950521278784,0.4952630046669346,0.7119510247783225
Wee1,ENSMUSG00000031016,7,110143286,110122046,+,0.002138269243215899,0.001720039738526423,0.002131232201201544,1.2307195603499836,0.40272320315735455,1.031379834054385
Ctdspl,ENSMUSG00000047409,9,119043998,118926453,+,0.01160781118358608,0.0056068896767029735,0.006659315076030838,2.049573602187892,0.3908083790695172,1.1581307548224586
Elf2,ENSMUSG00000037174,3,51340663,51252720,-,0.013793315876044057,0.0017704283834279674,0.005647380036655282,7.7130387453705245,0.5627026414505447,2.287170553574602
Nsd1,ENSMUSG00000021488,13,55318325,55209782,+,0.004124568903583544,0.002104835525757125,0.0022922569660363446,1.939972584356161,0.4172242461962151,0.5405920932899526
Csnk1a1,ENSMUSG00000024576,18,61590061,61555274,+,0.00891741757421537,0.0018370968172700126,0.0015390908053558381,4.805540631000756,0.3607339353674599,2.363760462200501
Suco,ENSMUSG00000040297,1,161876682,161816114,-,0.004779917748873167,0.004083905082357889,0.00545809618552372,1.1587239360255388,0.40166932338641326,0.6973537250666091
Atad2b,ENSMUSG00000052812,12,5047394,4917353,+,0.006389553151645695,0.00387740412444097,0.004613817787382216,1.6314156113508669,0.4180421373071759,0.5398543724980752
