,0,1
0,-5.75918,-5.555427
1,15.058847,1.3261607
2,-4.4597316,-5.202677
3,9.050682,2.3683078
4,0.90187854,-12.328287
5,15.432883,-0.7059321
6,-1.2862978,-0.77821255
7,12.883364,3.5502343
8,9.597506,1.6135682
9,12.174667,0.0067908172
10,2.0532403,-3.4896
11,9.943146,2.309788
12,-7.5912414,-0.2714299
13,9.307911,1.5779954
14,13.432868,2.2536805
15,13.15755,-3.9761915
16,-5.8904843,5.727497
17,-0.21484727,2.506072
18,2.128452,-11.921499
19,7.2862034,-11.344174
20,13.130865,-3.4347746
21,-3.1102788,-5.5343156
22,-7.0293117,0.3185053
23,-6.1074743,-8.492937
24,-2.4423892,-3.6773963
25,-0.9111381,-2.249519
26,-6.518718,4.5521774
27,-5.357105,3.0156243
28,14.86164,-0.18928158
29,-3.8596585,6.239267
30,8.682828,2.3441818
31,13.743489,-1.2092905
32,-1.1492118,-0.32789516
33,-5.297096,-6.4123516
34,-2.7508798,-10.110722
35,14.63179,-2.397019
36,8.812764,-1.5374866
37,-7.0616975,-6.257106
38,-3.6143625,-5.0354877
39,-4.282617,-2.3986545
40,-6.4096804,3.151014
41,9.605,3.0484958
42,1.0583751,2.7988522
43,-5.9031763,5.127057
44,-5.371089,5.6955657
45,-0.6159463,0.124170914
46,10.372238,-8.716147
47,3.0063589,-8.833292
48,0.20561406,-12.486406
49,-0.6593547,2.728746
50,-3.110934,-4.856205
51,0.3077741,-2.1407576
52,-1.048992,1.8053269
53,8.477904,1.8562105
54,5.3711534,-11.039061
55,-7.198759,-9.202948
56,1.1519637,-0.7927059
57,7.7884545,-10.4965
58,2.9245567,-12.440224
59,1.3765106,-11.958908
60,9.907201,-2.3053746
61,-1.2726296,-11.3134365
62,8.269152,-9.959035
63,-0.062647656,-2.801295
64,7.6001196,-10.187764
65,-3.5507839,6.247155
66,-6.7304344,-8.691226
67,2.682024,-10.655042
68,-6.9454556,-8.708888
69,3.2156928,-9.512021
70,6.8732023,-11.020062
71,-4.978655,-1.5509918
72,7.189561,-12.142537
73,-6.994167,4.1240716
74,-6.097395,-1.044926
75,-0.42930833,-0.49022526
76,-2.9186745,-2.2413802
77,11.838988,2.3212872
78,-2.7473006,-3.707962
79,1.1433101,2.857901
80,9.481961,-0.4964009
81,1.6903112,1.8622446
82,15.554414,-2.7769754
83,-7.0824122,-7.0150094
84,-2.510796,-3.7671912
85,13.321537,-2.9885423
86,1.4543949,2.1669915
87,-3.563077,4.707107
88,10.359694,-7.966389
89,15.448101,2.3950896
90,-6.4656334,1.583978
91,10.631625,-9.243696
92,7.358021,2.045553
93,7.3072095,0.7604811
94,-3.4743197,-11.202267
95,1.88128,2.3114383
96,12.815219,-5.0922284
97,2.4194174,-11.126708
98,9.091951,2.4080744
99,5.168243,-11.743806
100,-1.834487,-4.541776
101,-6.902101,2.1013513
102,-4.944651,-4.494969
103,15.339159,0.31732708
104,14.51493,1.0924987
105,12.5679035,1.1159526
106,-7.39609,-4.135357
107,-1.2901903,-8.694837
108,14.61264,2.968512
109,1.9865695,2.2789903
110,-3.5016842,-5.235654
111,-4.634953,-2.5642667
112,13.902795,-2.0486732
113,12.099657,2.9030333
114,-0.6450869,-4.226121
115,-5.7278805,-7.8144755
116,7.332095,0.09861076
117,16.722511,0.78862315
118,0.41647542,-11.901374
119,11.761506,0.55829495
120,-0.093199976,-3.1391757
121,12.767563,3.0575576
122,14.671371,-1.9460305
123,-2.6230385,-10.288558
124,-4.2064457,-4.1751456
125,9.221655,-9.126548
126,14.772342,2.3106253
127,15.908347,0.37296477
128,7.290119,1.2015693
129,-1.8707608,-1.4501028
130,-6.8019037,-3.5299356
131,-1.2278503,0.26266697
132,3.9149816,-10.923789
133,-2.4844162,-3.0069115
134,1.2296562,-10.545855
135,-5.534427,-1.5308669
136,-0.26146626,1.1379097
137,8.299551,3.0428412
138,-4.966625,0.02617015
139,-0.18686204,-6.1106057
140,-8.128242,-6.3285747
141,13.75193,1.3814311
142,9.002067,0.82527584
143,-7.1996136,0.9334126
144,7.976246,2.5323417
145,0.48924688,-11.201031
146,16.12714,1.6256013
147,-5.7142124,-9.615238
148,14.308284,-4.2283826
149,-1.4744041,-0.31979984
150,-1.8754103,-3.1495004
151,-2.211233,-2.785191
152,-6.4459124,2.9183125
153,7.9068565,1.8523165
154,5.1840124,-8.706093
155,11.183674,-6.99093
156,10.573385,-0.33075738
157,3.8182788,-11.525414
158,2.1615496,0.97309655
159,14.181927,1.1349828
160,15.32052,-0.4056568
161,-4.676909,-6.741084
162,-5.3720226,-9.434543
163,-2.6624382,-3.8305628
164,-7.4525084,-7.0846343
165,-1.6201589,-0.84782004
166,-7.2399254,-0.5862612
167,13.030227,-6.0524096
168,-7.411242,-8.876314
169,3.45834,-11.9662075
170,-4.6624384,5.392042
171,12.293458,2.9458709
172,8.224988,-10.063677
173,13.0395155,-3.6159494
174,-3.713284,-10.073787
175,-2.1635475,-9.756
176,14.627955,0.72156787
177,-0.00916897,-9.905932
178,0.8965822,-4.35624
179,-3.198079,-4.395658
180,10.843983,-7.8483143
181,4.58478,-12.270332
182,14.538689,3.4837787
183,0.2790321,-5.3559155
184,1.6365718,-12.122195
185,2.8309305,-10.827754
186,4.637374,-11.140299
187,-3.412698,-2.4767427
188,-5.4985275,5.7773714
189,-4.0587034,5.551312
190,-0.31761298,2.013322
191,-6.8211627,-0.07623073
192,13.6171875,1.1596874
193,-7.1297917,1.9150414
194,10.020206,2.4691567
195,0.90485567,-12.187923
196,-1.2416533,-4.180457
197,-5.3069077,2.3367603
198,-2.9521163,-0.7384454
199,4.5673614,-9.695523
200,3.1834097,-12.194872
201,0.6256751,-2.949716
202,12.503334,3.4744596
203,0.04931974,-11.258324
204,-7.446622,-6.960386
205,-5.623819,-2.1772892
206,-1.7490343,-4.3036957
207,-4.1276307,1.5855728
208,15.079693,-2.0789087
209,16.269957,0.7042654
210,-5.632303,-3.6942635
211,-3.340154,-3.4694037
212,14.544923,2.9258196
213,3.3522847,-11.927957
214,-0.81585586,-12.501506
215,4.3989983,-12.074977
216,-6.3187437,-6.7106547
217,1.3613365,-0.25452918
218,-1.6391298,1.0087534
219,7.8987885,1.205385
220,-0.82365066,0.17249285
221,4.5391264,-9.802339
222,7.651467,2.1171238
223,-0.98234403,-0.44745195
224,14.7437935,-1.1331674
225,-3.34422,-1.8672721
226,14.125917,0.1999058
227,-0.6356308,0.85794824
228,8.9618635,0.05712633
229,14.5916605,1.5425951
230,-3.2188,-8.346329
231,9.90479,3.040138
232,-6.354402,-0.90008384
233,-1.1918355,-3.660748
234,13.505237,-3.759514
235,0.40921375,-11.982681
236,-4.644141,1.650146
237,12.883626,-4.5069575
238,13.74088,-3.458547
239,-4.498291,-11.072271
240,-1.8127159,-9.594667
241,-0.554055,-9.548698
242,-5.13558,0.1460807
243,-7.3060246,-6.0909233
244,-0.45409632,-11.020947
245,14.472742,-0.008277621
246,-3.7694898,-4.185692
247,8.709444,-10.2219515
248,11.805959,1.0077275
249,-5.065953,-6.658624
250,13.104457,1.831134
251,15.076098,-1.8762584
252,-2.1226323,-1.7290382
253,16.082674,-2.6134024
254,9.538826,1.0617051
255,0.80752105,1.9553274
256,14.441261,-3.287219
257,-3.4279048,-1.5434196
258,-1.88418,-0.93636614
259,4.8430223,-9.63362
260,15.015119,-2.1403117
261,-7.3762765,-5.29657
262,-1.4830893,-6.2142878
263,11.01794,-7.3216887
264,-1.9303142,-5.258744
265,15.61147,-1.102009
266,7.2095027,2.85444
267,-7.4492774,-7.24165
268,7.8009634,2.6088688
269,-3.732074,6.281754
270,7.518554,-11.097753
271,6.959733,1.6493683
272,8.463486,3.3049462
273,13.422445,-2.9960806
274,12.122752,-1.7371179
275,-7.5384226,-3.7921019
276,-2.1241076,-12.415816
277,-4.4079294,-4.854395
278,-2.091593,0.2327825
279,-5.8659163,-7.1220365
280,5.097072,-9.280964
281,13.956801,0.61459404
282,-0.50486934,1.4845562
283,-3.9684086,6.0725503
284,8.9887905,-10.688517
285,-1.3641444,-8.110127
286,15.760773,-2.4209688
287,15.939738,2.8082569
288,9.462093,1.8197546
289,-2.026855,0.5328452
290,-3.612967,1.9600241
291,-7.058409,4.2011757
292,-3.5050862,-6.988233
293,1.6207818,-0.28337285
294,8.192691,-10.997416
295,-0.8693168,-7.527632
296,-3.7963116,5.159354
297,0.110846855,-11.302518
298,-0.8292786,-4.5027366
299,1.7848152,0.47065058
300,11.767654,-6.5286655
301,9.032592,3.197276
302,14.448781,3.583055
303,10.448863,-7.184536
304,-7.3344474,-0.6259247
305,-4.1372666,-4.2910986
306,8.868609,-11.43712
307,11.263135,-8.064124
308,-0.59003663,-1.537355
309,12.384331,-0.26925895
310,-0.4825611,-4.810968
311,2.835018,-9.356493
312,-1.609147,-9.669818
313,-7.4919114,-1.8195709
314,-0.25527772,-6.6014614
315,0.71501285,-12.675352
316,-3.777061,-9.889886
317,15.24624,-1.0346358
318,1.9563545,2.0976088
319,9.823093,-0.018138755
320,6.566412,-11.360407
321,11.056449,-8.760099
322,13.619626,-3.3611681
323,-3.5808861,-3.9349892
324,-8.078048,-4.6375012
325,-5.513131,-0.5056621
326,11.37443,1.8785418
327,-7.2100816,-8.707438
328,14.788774,2.4860754
329,15.359235,-1.367385
330,13.239273,-2.5767689
331,1.3481497,-10.732318
332,-3.9303803,4.021451
333,-0.053045824,-9.890877
334,8.709607,-11.391977
335,7.19198,0.18821888
336,15.262873,2.8573895
337,9.871547,2.8911994
338,-5.859897,-8.909053
339,10.228117,-0.49674731
340,-7.0919547,-4.4556103
341,14.111505,-5.298675
342,16.075031,1.0049361
343,-3.5125623,5.5284066
344,9.136642,-11.05391
345,-2.1352646,-11.116066
346,14.151032,2.980154
347,15.441718,1.6718116
348,9.092426,2.8596551
349,-1.5251878,-4.474159
350,-2.4875724,-4.6467805
351,-4.4884925,-10.358183
352,16.23572,-0.34287468
353,16.235462,1.5203289
354,-4.207815,0.8001262
355,-0.6935609,-10.233929
356,-6.654935,-3.4822674
357,-3.184736,4.8820243
358,-6.2658286,5.976647
359,-1.0125935,-6.868917
360,15.790802,0.58740354
361,-1.5124451,0.7891283
362,13.987842,2.6796632
363,-6.541108,-4.005726
364,1.0945754,-0.74306667
365,-0.62961316,-2.8834376
366,8.738219,2.1635773
367,-3.8673084,-0.33476058
368,15.49802,-1.6667637
369,14.025059,0.07269869
370,13.498488,0.92645764
371,-3.579933,5.879901
372,10.026198,0.28561813
373,11.356919,-1.0762198
374,-6.266557,-7.2706957
375,10.709309,0.46864417
376,0.081367455,-5.7787414
377,-7.0234323,-8.568065
378,-7.173958,-1.3581318
379,10.741251,-6.61476
380,13.93122,3.3295062
381,5.774749,-10.091044
382,-6.8812113,2.9547913
383,-2.6653967,-4.2378416
384,-6.8769546,4.3733096
385,4.8961887,-10.621329
386,0.8589048,1.3675221
387,-2.1102593,-11.087685
388,-5.2469773,-1.2119503
389,5.3899455,-11.249743
390,11.574153,3.0534542
391,-0.71680605,0.07512241
392,11.665794,-1.3456634
393,-0.14232913,-9.380591
394,5.8925633,-9.659352
395,13.029031,2.2702987
396,-5.514904,-7.1421275
397,10.160055,-10.333159
398,13.582192,1.3054
399,-0.83654743,-1.6432227
400,3.6105618,-8.668388
401,13.718949,0.711369
402,1.2594728,-11.035971
403,-1.9244022,-10.822688
404,-0.98063505,1.3389311
405,4.933,-10.30087
406,9.049958,0.28102562
407,-6.9529204,-6.5274086
408,-0.9867904,-7.2087708
409,-3.9405413,-11.365757
410,-1.2667738,-5.1645036
411,15.168057,0.9478882
412,6.571561,-11.489377
413,13.447532,0.27827346
414,11.341436,-6.964136
415,13.702526,-0.2045286
416,15.865736,1.1616338
417,10.91243,-9.092282
418,10.4135065,-9.636495
419,-4.1686306,5.197073
420,-4.9726324,2.6989913
421,15.085302,2.9604666
422,4.406063,-9.836936
423,14.052929,-2.2833376
424,11.767007,3.1213894
425,10.836977,-0.7222885
426,-6.9311156,-1.1818781
427,-7.2010865,-2.660834
428,-1.1930734,-0.81570655
429,-5.722849,4.937158
430,-6.4288917,-3.0455036
431,8.969553,-11.111166
432,-3.1294758,-10.9370775
433,-3.1533055,-4.358869
434,-1.1339178,0.996975
435,13.442139,2.452882
436,-2.798931,-3.858628
437,13.770284,-4.917576
438,-0.72444093,-4.3245993
439,4.620477,-10.853075
440,-0.67808545,-2.9957325
441,13.800933,-1.5580063
442,12.147497,1.284187
443,-0.2017417,-1.8272936
444,13.180985,-4.34913
445,8.514806,2.7067165
446,-5.865624,-2.95757
447,-7.671043,-5.303227
448,-6.4881306,-2.243217
449,13.35304,2.878238
450,11.107522,-0.8507335
451,-1.9703481,-2.8174074
452,-0.5470958,0.62972105
453,-1.034562,-0.42943233
454,-3.7623997,5.342245
455,15.090054,1.8570228
456,10.052246,-10.076951
457,13.544657,-1.676951
458,-1.4709507,-5.926972
459,-6.2944546,3.7825413
460,11.812225,-1.1363652
461,5.0650434,-12.452803
462,11.787842,3.613329
463,-0.36661643,-3.1639853
464,8.41345,1.1170058
465,13.974042,3.669178
466,11.576302,0.64579123
467,12.715482,0.034149885
468,8.290077,-10.222844
469,0.046257574,-5.51111
470,13.976352,0.99094725
471,14.3400135,2.5182474
472,-5.943313,2.7927492
473,5.847119,-11.215459
474,-7.3940988,-0.49994877
475,-2.867852,-9.878895
476,14.266867,1.3572596
477,12.643576,-1.7836349
478,-3.7429256,-3.581045
479,1.3946782,0.11362215
480,5.507173,-12.386984
481,0.7488051,-11.284543
482,15.37882,2.8497562
483,-7.058799,-5.380101
484,-2.170985,-5.5377846
485,-4.3137646,-9.367957
486,-7.9650884,-0.6791125
487,1.5962907,1.1449653
488,14.354042,0.06252312
489,10.016968,-1.5464469
490,7.6017604,-9.764215
491,-4.2815886,-10.927009
492,15.92431,3.637614
493,-5.244184,2.441125
494,10.417867,1.7127801
495,3.8489494,-11.139126
496,-7.4071364,-5.764317
497,10.98939,0.9273786
498,15.603775,3.2580044
499,5.3581977,-11.876215
500,8.539384,2.0722618
501,4.938748,-9.602893
502,7.5439277,-10.074943
503,0.48672497,-11.276499
504,1.6616312,-10.712845
505,12.889581,-1.8807554
506,-6.5295663,3.196031
507,13.695542,2.6791723
508,15.968584,2.980287
509,6.584399,-11.237026
510,0.27820227,-5.9810944
511,13.809978,-5.3453403
512,-3.9821954,6.3486075
513,0.5168442,-5.2636003
514,-5.2885313,-5.456603
515,5.3218966,-10.929761
516,9.207022,-1.7817698
517,-3.1267571,-0.69702363
518,10.162278,2.2919974
519,10.723272,-7.175872
520,-5.968066,-9.950969
521,10.935525,-7.2653046
522,4.95719,-9.261361
523,7.325771,2.5394561
524,12.590898,-4.3767138
525,9.769565,-9.74146
526,9.139695,-0.12852108
527,-1.5068631,-0.8352484
528,13.029147,-3.254872
529,5.0643106,-10.235726
530,-6.3325353,-1.8801984
531,0.042627916,2.7764852
532,9.895187,2.0554967
533,10.102918,-7.6535892
534,-1.3148626,-8.605146
535,-0.8515264,-4.72314
536,-7.414833,-5.4026484
537,7.9047427,3.3665345
538,9.766657,-10.783838
539,-5.3450975,5.5009227
540,9.951342,2.206502
541,10.035359,-2.2920446
542,12.285036,2.2443647
543,-7.387279,-0.22387414
544,-0.45755184,-3.1069932
545,-0.3917106,-8.9679985
546,14.859542,-2.8989947
547,13.535513,-0.2268642
548,1.2658376,-12.233641
549,0.7294927,2.476053
550,9.01225,-2.2848895
551,-0.024572344,-9.546504
552,-6.7051635,-5.440135
553,-5.916633,-9.013101
554,0.38049725,-0.42207986
555,0.8581095,-3.9788814
556,15.320497,-2.4921358
557,4.0014143,-8.927313
558,11.692323,3.3772926
559,1.4615552,-11.366697
560,-4.455786,1.2294824
561,7.5763836,2.171134
562,14.527118,-1.0646023
563,10.790638,0.6938448
564,-6.5992303,-1.8591475
565,1.2246563,-11.606373
566,-5.4749007,2.995684
567,5.3574095,-11.816035
568,8.145891,1.1064756
569,7.7568536,1.0126737
570,-3.3510988,4.602364
571,11.446013,-2.9818327
572,15.376304,1.6132014
573,-3.0278742,-1.1555885
574,-0.50448966,-0.1626555
575,12.703208,-1.0260586
576,-1.5921255,-4.8067346
577,-6.9402676,-3.7074542
578,2.6376138,-10.784398
579,-7.7220254,-1.0152826
580,-6.685059,-0.6100674
581,13.988067,-1.123274
582,9.66876,-8.71702
583,-6.4003177,3.5062654
584,10.80652,-1.7761052
585,0.14303768,-11.843427
586,9.120968,-1.2962184
587,15.88786,-1.133567
588,-5.8477764,-8.400024
589,4.5094185,-12.410791
590,1.7763373,2.6284523
591,11.483089,0.3927785
592,11.965466,-1.2164683
593,12.542564,-0.443816
594,13.044964,-5.161316
595,0.6496141,0.09826937
596,-3.1613119,-10.319209
597,1.5506871,-10.593041
598,10.686789,2.1462607
599,-5.2686872,0.48495474
600,-4.8080316,1.5614548
601,-2.6861768,-2.1650176
602,15.326661,-2.937483
603,-7.821298,-6.9666624
604,-5.166508,-5.7695265
605,-7.4260015,0.8192294
606,10.982282,1.9107275
607,7.161301,-10.142963
608,-3.4883945,1.9221588
609,1.2314485,-11.049679
610,-6.044971,-2.4390235
611,-6.1686215,-10.284837
612,11.68919,2.5692992
613,-7.478818,-8.48023
614,-0.9278446,-7.111309
615,6.782537,-10.448933
616,-5.470406,-2.6904929
617,-1.6073992,-0.024360968
618,-6.534144,4.4540944
619,3.1679907,-11.396713
620,-4.362611,0.11812239
621,-3.5545576,-10.853582
622,-2.1992452,-10.726499
623,5.0785003,-11.559659
624,-1.8199923,0.047663167
625,-6.8205967,5.412391
626,12.697427,-4.5861163
627,8.66273,-9.963013
628,-2.2093635,-5.775852
629,9.503287,2.9037156
630,-5.584749,-0.9393298
631,10.178818,-0.17338213
632,11.259233,-6.87477
633,14.871768,1.984811
634,-3.30808,5.995753
635,10.762024,2.9445536
636,-6.238826,-9.464685
637,10.634362,-0.08572352
638,-6.254588,-9.1467705
639,-2.3976984,-1.4579058
640,-5.021351,-1.4281071
641,15.659814,-0.030533813
642,-6.8017344,1.9494507
643,-5.3744807,-6.867029
644,-3.3101287,-3.4189649
645,9.551564,-0.7331018
646,-1.5713342,-3.1157687
647,-3.3683624,-11.832774
648,0.18949066,3.0074294
649,-5.0627413,-1.8279055
650,9.805206,-8.26947
651,3.1444743,-10.621348
652,12.049867,-7.4877276
653,11.551676,-3.1540065
654,12.89302,-1.7179036
655,8.332039,2.6645074
656,2.5213788,-10.384247
657,11.939193,2.8617547
658,9.055803,-9.592929
659,7.395921,0.2944398
660,-3.875156,-4.2532635
661,14.261697,3.2233162
662,-4.045836,1.1509517
663,-6.1477203,-6.596811
664,-2.636228,-6.071505
665,-0.006513861,0.653361
666,13.496457,1.6438518
667,-3.887534,2.666714
668,-6.4688516,-7.931964
669,-0.57690305,-4.2888627
670,14.34037,-1.6946472
671,2.6633062,-9.589337
672,13.017076,1.7152579
673,-0.3315459,-6.915748
674,-1.0694437,-11.563228
675,1.9047848,-3.7048786
676,16.337862,-1.7900337
677,-7.7327456,-4.4081554
678,-1.0763383,-10.276448
679,1.5643979,2.567182
680,-7.269158,-7.4471874
681,1.3183028,-12.427759
682,-1.1217043,-0.044663724
683,12.850129,-0.285619
684,4.829452,-12.340086
685,1.7381195,-11.339073
686,-0.5711304,-10.843944
687,3.88231,-8.157561
688,3.2580807,-12.6153965
689,1.9197824,-0.0020634881
690,-0.88881254,-3.310616
691,0.9633326,-12.089242
692,14.507495,0.32172608
693,9.631868,-1.3091435
694,-2.2635915,-11.342518
695,-7.6458273,-4.1779323
696,15.288561,-1.420759
697,14.758555,1.3624476
698,-7.963087,-4.5967703
699,9.7365675,3.2425802
700,-1.3796763,-12.056053
701,9.207366,0.5174623
702,8.543429,1.2014799
703,-3.8134062,-4.007554
704,-1.9177605,0.7861196
705,14.199567,-0.101530455
706,6.796444,-11.683527
707,3.6467366,-9.282751
708,15.951926,1.1365271
709,-5.245915,-9.731669
710,14.703704,-2.899684
711,0.6249296,1.1921365
712,15.086761,0.7074648
713,4.4450216,-11.916525
714,-0.93797857,-12.271329
715,12.6133,2.7405093
716,-6.779353,-4.3907337
717,-5.760749,-0.8753403
718,-3.82252,3.466703
719,-0.2053466,-6.518314
720,-0.15423918,-6.119814
721,-0.040897764,0.00034647365
722,0.09318441,-12.120803
723,13.166172,-0.69594353
724,-5.4621086,-1.9551363
725,1.385535,-0.4333449
726,-6.4188643,1.8759046
727,-1.3869628,-4.916968
728,0.5286851,-4.403642
729,13.587962,0.47704944
730,-6.0759716,-10.292026
731,9.967444,3.0094044
732,9.321464,0.5063837
733,-5.3773327,-6.8034887
734,-3.001032,-1.4846098
735,-3.8621826,5.1161427
736,-6.597475,-9.871209
737,14.231558,-3.4393744
738,-3.9277656,0.8438425
739,-2.9220638,2.3645844
740,5.502507,-10.008286
741,7.002033,-11.870451
742,1.3834503,2.5499103
743,13.7306,-1.1746898
744,-5.9464808,5.630624
745,-7.0819025,-0.3098546
746,11.710645,-8.023061
747,8.610934,0.7973839
748,9.034443,-1.4723352
749,-0.33841228,1.6715096
750,-6.167386,-3.5216086
751,-8.049626,-4.4575853
752,13.453277,3.1959863
753,-4.748596,-10.7371855
754,13.81733,-1.9957292
755,10.578575,-0.2883038
756,12.713655,1.8195847
757,-0.87183166,2.182996
758,-2.9670937,-11.891686
759,-7.4202857,-2.7744808
760,5.4881625,-10.666491
761,-6.948836,2.7019699
762,6.2202516,-10.941335
763,6.2959313,-11.040879
764,-5.7951536,-1.8101355
765,-2.6399288,-5.1682673
766,11.8176155,-5.872164
767,-6.137688,-2.937389
768,15.745623,1.9145768
769,-0.001681308,2.7749214
770,-8.026085,-4.332155
771,-3.7700782,-10.704035
772,-1.1621101,0.7676176
773,1.9440128,2.4796462
774,-4.073775,5.112479
775,-5.275332,1.514447
776,15.070112,2.552436
777,-5.8686447,5.8650208
778,-8.169497,-4.177306
779,5.0639496,-9.371281
780,7.5779963,-10.962264
781,-5.5236187,-7.280497
782,0.29401964,-12.074142
783,-8.398802,-5.306887
784,11.395889,-5.893793
785,-2.4661317,-1.8889751
786,-7.1329885,-1.1246072
787,3.4412727,-9.574773
788,-6.806894,-3.3839111
789,-3.1276567,-10.060055
790,3.413624,-12.093836
791,13.328153,-1.4214253
792,12.161876,-0.7619196
793,-0.6013042,-1.0163546
794,-3.962452,-8.416015
795,0.029591134,2.8089702
796,-5.633867,-9.370556
797,7.805202,-9.953042
798,1.710858,-12.218314
799,-5.2212462,1.8917238
800,-1.1661825,-2.4150338
801,7.7452116,-11.7313795
802,-7.005402,0.22333631
803,12.378923,0.36545396
804,2.2020078,-10.811127
805,8.6171055,1.2118442
806,14.704521,3.8162308
807,9.729388,-1.1932079
808,0.054518577,1.5020591
809,12.958257,-5.6223655
810,12.787191,-4.784381
811,-5.563069,-8.806287
812,-6.5551777,-3.1082087
813,8.585606,0.120556116
814,0.2706503,-12.051776
815,9.046446,-0.025830746
816,13.146894,0.79073155
817,-5.080962,-5.012381
818,10.7087345,-8.703012
819,11.655429,-6.491977
820,10.007552,0.12054079
821,-4.4241567,2.028478
822,9.15543,2.4819727
823,-6.361002,1.110236
824,7.783418,-9.867224
825,14.562683,1.5924494
826,13.319358,2.5515823
827,14.367704,2.797575
828,11.793029,2.3464828
829,-5.772809,-8.899861
830,-0.1816894,-9.481731
831,0.5245274,0.5203296
832,12.280277,-5.2657466
833,-4.2907104,-9.89223
834,16.941854,0.58213884
835,-6.7937765,-6.7733483
836,12.971416,0.87800026
837,-3.5074422,-6.3009024
838,8.871123,0.48392045
839,-5.254131,-6.738447
840,0.18373649,-4.4953117
841,11.519838,-0.12289793
842,-4.233528,-4.1771665
843,6.651167,-11.201456
844,2.6358454,-10.100221
845,-6.9135504,-9.527278
846,-4.131854,4.2002645
847,14.579071,3.5947418
848,4.8265996,-12.242065
849,-1.4838343,-3.89001
850,8.983036,2.5733585
851,4.203961,-8.327739
852,-3.6524549,4.2455616
853,-7.0454035,-6.7662654
854,11.454473,1.4402103
855,10.588527,0.049778033
856,15.13422,-1.6693506
857,-1.8881314,-0.8212688
858,-6.0673943,6.34231
859,11.0803385,-0.49538258
860,-2.1349704,-5.5778294
861,8.91133,-9.2784815
862,15.133399,-3.6835444
863,-5.5848527,-1.0041403
864,0.68489754,1.0552803
865,0.4191661,-12.377475
866,0.7872066,-12.565644
867,14.440662,1.0871708
868,13.241044,2.126774
869,-1.8296709,0.2608474
870,-4.2495875,2.3518555
871,-8.035347,-5.1909266
872,-2.5572202,-4.9584203
873,15.884737,1.1751206
874,16.285366,-0.84998935
875,8.858963,2.0043292
876,15.913931,-1.7076077
877,-5.2136254,5.969248
878,2.4302726,-12.043616
879,-1.3442694,-0.6618033
880,13.223655,-1.9469573
881,11.76798,-3.3514016
882,-5.3173766,-10.5906515
883,-3.4976463,3.668174
884,10.805254,2.5816488
885,-4.8450603,-6.204155
886,2.962477,-8.754531
887,1.3069532,-0.08253892
888,11.900447,-6.270621
889,-8.053219,-4.8248534
890,0.765501,2.0916245
891,4.084168,-12.1874695
892,-0.757991,-10.874721
893,-0.87908375,-9.341188
894,6.84238,2.3612869
895,0.46573004,2.6236734
896,2.9311578,-9.360622
897,-4.8477135,-1.5398388
898,12.57143,-1.7274855
899,12.026202,1.9898652
900,15.637209,-0.05877643
901,7.4398723,2.9978545
902,11.14369,-0.39181945
903,10.096209,2.0067415
904,2.8304617,-11.935608
905,8.944164,2.8294215
906,-4.9218006,-5.8352165
907,2.1430922,2.1364346
908,-0.5802549,-11.424883
909,-7.034317,-2.9905019
910,-0.58348066,-4.741762
911,14.769992,-4.770824
912,-4.8238196,-8.167987
913,-5.971692,5.86948
914,10.861926,1.8479588
915,-1.1948823,-2.7638252
916,5.363161,-10.395073
917,8.253004,2.3468614
918,12.757979,0.4711424
919,-2.0890086,-4.508067
920,10.384284,-8.339804
921,13.30031,3.4906569
922,8.872354,1.7378153
923,9.819973,-0.38992104
924,12.915014,-1.7481252
925,-1.0999333,-11.940109
926,-1.7359115,1.0362101
927,-4.971043,-3.175903
928,7.811723,2.1742892
929,-6.8367352,-2.4694183
930,6.2436,-11.869517
931,11.252285,-8.270201
932,-3.2911732,-1.6264156
933,15.950901,1.734912
934,7.6994495,-0.08228271
935,15.580312,2.8623762
936,9.380697,3.441544
937,13.959625,0.7335507
938,11.350779,3.2944982
939,-5.2626257,-5.675192
940,15.889198,0.3293663
941,15.691025,3.879297
942,13.940526,-5.321382
943,-5.495627,6.1305666
944,-0.31823525,-2.1849303
945,10.232478,-9.0986805
946,-7.929639,-5.6271167
947,9.51857,-1.882878
948,-5.7279925,-7.607189
949,1.4976752,-10.895958
950,14.701841,2.5766857
951,-5.1596456,5.3584003
952,15.576386,-0.7842315
953,-0.17889203,-2.1483977
954,-2.8032339,-2.6178627
955,-6.1160736,-6.725147
956,0.73086935,0.8149201
957,-6.852798,-5.0264845
958,8.812678,1.4074752
959,-3.1311345,-11.856902
960,12.235179,-5.990118
961,-3.7454724,3.0880067
962,10.112178,-9.260973
963,10.913194,0.078444734
964,-3.5454519,-11.224159
965,15.9713,0.7431218
966,2.1701052,-3.5518146
967,14.536962,-1.028097
968,-5.2707644,-1.4936757
969,14.150781,-4.90479
970,-6.505513,-3.9915533
971,7.348239,-10.270176
972,13.54438,1.0722976
973,9.104116,1.6756101
974,15.797343,0.20625909
975,2.0665088,1.072664
976,-6.6037974,3.5935476
977,-0.40884522,-11.265131
978,1.4042181,-10.65306
979,-3.7772536,2.1604688
980,-6.277574,4.7876043
981,-0.6191492,-7.4067564
982,7.151891,2.1278474
983,-6.4160247,-6.73914
984,-1.091414,1.6249121
985,12.088664,-7.22456
986,5.606175,-11.319175
987,12.610225,0.27111956
988,-2.9088604,-5.936589
989,-2.5195897,-9.175199
990,0.015434542,-2.5004418
991,14.5367,1.5263503
992,-2.7280862,1.2952813
993,-0.29569888,0.34018505
994,-5.551539,2.9751554
995,7.1647124,-11.52454
996,13.7839,2.6412349
997,7.613273,2.208081
998,7.595302,0.7305216
999,16.173235,-1.9625242
1000,7.0827937,1.6706017
1001,5.1263633,-8.805216
1002,-3.6971867,-10.057563
1003,9.41968,-0.0355684
1004,-2.0694404,-2.9015536
1005,13.96986,2.9829783
1006,-1.8728949,-9.863003
1007,1.9506766,0.30204558
1008,-5.959929,2.483821
1009,-2.9216735,-12.064543
1010,-2.0502415,-11.6295395
1011,-6.2436304,2.3771932
1012,-7.100453,-6.793365
1013,-6.12835,-8.845621
1014,-0.046789642,2.4174438
1015,4.6784706,-9.572932
1016,8.964246,2.1356456
1017,8.849781,1.3727736
1018,14.152542,-0.62991333
1019,14.741564,-0.6897379
1020,6.5119834,-11.169079
1021,13.686107,-1.4277537
1022,1.1656367,-11.579108
1023,1.9625363,-11.512821
1024,-4.7344046,0.33953536
1025,-1.3894168,-3.932708
1026,8.003745,2.8373015
1027,7.392512,-10.797036
1028,8.750746,0.063196
1029,9.738114,-1.944762
1030,7.712177,-11.503029
1031,15.915122,-2.7266076
1032,7.840587,0.8975741
1033,16.481167,3.3132918
1034,12.242612,-1.3892418
1035,-3.3317132,-11.597709
1036,8.929429,-10.211258
1037,10.823077,3.158376
1038,5.2317615,-12.329473
1039,14.219063,3.2988608
1040,-6.5967264,-6.696038
1041,-4.2121663,-10.254531
1042,4.408328,-10.171676
1043,1.2709447,0.30688483
1044,15.411211,3.7266412
1045,-5.8896227,3.9291127
1046,-4.201023,-8.058041
1047,-3.5128772,-9.468223
1048,12.314603,2.5569944
1049,-4.347891,0.6234221
1050,-7.711809,-6.8055544
1051,11.480863,1.1297543
1052,-5.766295,-5.17625
1053,-5.41691,-0.098266944
1054,13.687595,-1.9446568
1055,1.8227655,-11.618054
1056,-6.0795007,-1.9957329
1057,-6.8149104,-6.3013015
1058,-5.4684315,6.2954497
1059,12.693198,-3.9161427
1060,9.5169325,-9.598059
1061,14.342593,3.1740003
1062,12.912313,-3.804642
1063,-6.39269,5.8555717
1064,9.66802,-1.8229162
1065,-3.4879763,-3.7244704
1066,-2.7968013,-12.010841
1067,-4.372801,-10.048434
1068,-0.3601647,-3.3092413
1069,1.9615881,1.6203043
1070,-2.4007416,-2.6587067
1071,-2.221845,-0.34878775
1072,-2.8912086,-10.505225
1073,-0.6463346,-7.1694283
1074,9.641772,2.8303711
1075,5.3485627,-10.904434
1076,-5.7713156,-1.6841244
1077,9.458112,-2.386383
1078,-2.5455265,-11.002748
1079,14.718993,-0.16465236
1080,13.228157,-5.077082
1081,9.296186,-10.609229
1082,-2.6729515,-4.520395
1083,-2.9464173,-4.24579
1084,14.232598,-1.616463
1085,3.81073,-12.213686
1086,-4.546477,-10.188466
1087,-7.7769723,-8.014359
1088,-4.009359,1.0257008
1089,-3.387511,-2.618514
1090,7.4541955,-0.06867381
1091,0.24210227,-10.958585
1092,12.484636,-6.5927167
1093,-5.654114,-6.096214
1094,-6.49006,-6.031345
1095,12.437103,-0.6043425
1096,-5.0310025,-2.5776553
1097,10.044138,1.552419
1098,16.485752,1.1983795
1099,-6.256162,-5.3216248
1100,-0.81115395,1.8992567
1101,16.233597,-2.8783932
1102,-7.204868,-5.541032
1103,7.162335,0.1348345
1104,-4.765591,4.807738
1105,12.834685,3.075261
1106,0.2990941,2.7787468
1107,-5.993964,2.6239352
1108,0.98650694,-12.513127
1109,-4.343446,-5.1137476
1110,-4.1597123,4.6676664
1111,10.6268635,-7.878141
1112,9.920802,2.5639274
1113,-3.86464,-3.375414
1114,8.089765,2.6203992
1115,15.487782,-1.2230588
1116,9.56068,2.441924
1117,13.812697,-0.549756
1118,11.9289,2.9115865
1119,-6.311609,2.7485754
1120,-3.6902552,6.2594223
1121,0.1631107,-4.3366117
1122,-3.917457,-1.1146814
1123,11.069681,-0.9764775
1124,-0.094384894,-10.6191845
1125,7.737803,0.66605854
1126,-4.412283,-9.720083
1127,1.768039,0.89550215
1128,-2.1953933,-6.587283
1129,16.278702,0.2824457
1130,2.2199461,1.0407999
1131,5.5369616,-10.419966
1132,14.058514,-1.3833119
1133,-2.0364053,-1.6503451
1134,13.788909,-4.5517826
1135,2.1152432,-3.664669
1136,-7.9974117,-4.2222857
1137,-4.421481,-4.315158
1138,14.268676,-3.5175548
1139,10.370745,-8.836711
1140,13.7621355,-1.7590213
1141,-6.3720527,-7.8920393
1142,4.1844497,-11.826669
1143,-6.183247,-5.2003636
1144,-0.40003496,-3.4041207
1145,14.928957,2.3630702
1146,9.433004,2.1527987
1147,8.686479,-9.626061
1148,-3.9491408,-4.1679926
1149,14.621313,-3.9087527
1150,6.3379097,-10.509462
1151,-4.169542,4.2258205
1152,9.161743,-11.167989
1153,6.737921,-10.740935
1154,15.135481,-0.37556574
1155,14.375062,-4.8960643
1156,5.8654575,-10.787712
1157,-3.9582188,0.30392632
1158,-3.244216,-2.85745
1159,-5.7389317,-5.859457
1160,3.1224074,-9.203081
1161,-1.5260063,-11.643707
1162,1.0387654,-4.525606
1163,5.01908,-11.427711
1164,-5.3409634,-9.693574
1165,3.8882267,-10.274075
1166,-6.3185015,-10.116904
1167,9.38114,-2.1387417
1168,1.7922798,-12.110697
1169,10.864267,-8.138103
1170,-7.36798,-4.694947
1171,-6.895014,5.586921
1172,-3.9015498,-4.3485565
1173,-0.007582586,1.2801684
1174,-2.638937,-0.1230157
1175,0.25902566,-11.688276
1176,13.144573,-4.6632333
1177,-6.4024496,-6.312746
1178,9.114832,-1.8063887
1179,13.393269,0.24028128
1180,8.517723,3.2948656
1181,1.1066765,2.6317945
1182,13.447547,-3.6137176
1183,-1.8061857,-11.747845
1184,0.8298338,2.8898282
1185,-3.5951853,1.377337
1186,-6.0572224,5.9958863
1187,-6.278021,-0.48116952
1188,15.3073,-0.41092315
1189,-0.45555034,2.2292457
1190,1.1704006,1.639118
1191,-7.0549936,-6.513978
1192,-7.3677883,-1.1244634
1193,-7.062019,-1.5996464
1194,-7.097474,-5.4734426
1195,15.124641,-1.9578393
1196,12.976133,1.0193266
1197,9.074338,-2.2494893
1198,11.583885,1.7398143
1199,10.2488,-1.3042618
1200,8.232129,-11.759238
1201,-5.7996984,5.7175717
1202,12.547007,2.293929
1203,8.884691,1.7679238
1204,10.61421,-9.575342
1205,10.280736,-0.5950556
1206,7.342767,-10.998872
1207,14.761551,0.88198864
1208,-6.2728877,-8.958864
1209,15.792062,-1.5858043
1210,-5.85568,0.06448852
1211,-2.7527547,-11.204389
1212,-2.160964,-3.3093657
1213,2.046218,-10.353857
1214,5.201438,-9.853111
1215,-4.423776,-3.9987705
1216,10.571351,-9.467948
1217,-2.8270712,-3.2577708
1218,4.2802863,-9.553195
1219,-0.2660308,-9.753642
1220,8.949301,3.2792478
1221,-6.0264874,-3.6527295
1222,1.5984715,-0.12598786
1223,-1.4698766,-7.2351475
1224,-1.9041249,-5.03425
1225,-5.645657,-1.9410131
1226,1.6890773,-4.126191
1227,7.075896,0.46168488
1228,-0.03921376,-3.4646578
1229,5.4954443,-9.346234
1230,5.3853908,-10.334445
1231,2.6586287,-11.68809
1232,-6.1203146,-9.613265
1233,-1.9467629,-1.202628
1234,-3.714804,2.3057053
1235,4.7882457,-11.340212
1236,-2.6341133,-4.048598
1237,14.145967,-3.5448833
1238,8.728479,-1.9326258
1239,7.8600607,0.6083443
1240,13.431576,0.57762516
1241,0.32118386,1.4949032
1242,2.1679692,1.339768
1243,-6.4283705,2.3543966
1244,-2.1022239,-2.2742665
1245,-0.5438891,-1.9379812
1246,-4.6361723,-5.270783
1247,6.3782983,-11.274738
1248,-0.7436991,-1.0211242
1249,-5.8081193,3.2729454
1250,-3.7350564,0.2600786
1251,-1.6979854,-3.296521
1252,14.431938,-0.8228976
1253,0.2600514,-3.233602
1254,-3.0419455,-2.7807653
1255,-4.851496,5.6493406
1256,-5.789392,-2.8760366
1257,7.639146,3.4675968
1258,-6.0753746,3.4662251
1259,8.131274,0.26561692
1260,-6.6512375,-4.482422
1261,-7.32905,-2.9550543
1262,16.240126,-1.4545689
1263,13.558094,2.701278
1264,-2.5825708,-10.735803
1265,12.372704,-6.9563923
1266,13.676781,-2.164575
1267,-3.4257362,-11.589874
1268,-0.53462017,-5.691718
1269,0.8541274,-12.031839
1270,-3.4243844,-10.16681
1271,10.055334,-1.7486242
1272,3.520529,-9.220722
1273,10.2058525,2.458579
1274,-7.4406137,-4.294542
1275,-1.2976542,-0.38575587
1276,-3.553784,-10.7454195
1277,-1.6746293,1.6628774
1278,16.374138,3.8735473
1279,12.194717,1.0010066
1280,15.215651,-1.6149956
1281,-7.157887,-2.830606
1282,-4.9515705,-6.436516
1283,11.237084,-8.22629
1284,-4.133402,2.1921046
1285,-6.8333926,-6.5463862
1286,8.968767,-10.929452
1287,8.058769,-11.849679
1288,13.388528,-0.09830491
1289,-1.4365685,-3.2352612
1290,-6.6418524,-10.136056
1291,-0.7797506,-9.227978
1292,-0.8186642,-8.689228
1293,7.225214,2.6591086
1294,7.891716,2.7480433
1295,10.814803,-2.555867
1296,5.6253834,-11.758808
1297,-7.267146,-1.3350363
1298,4.848645,-10.877914
1299,8.330856,0.88690746
1300,3.7179399,-11.409241
1301,13.400222,-3.9801092
1302,-6.7146254,3.7982016
1303,-3.3144042,5.127509
1304,10.273135,-0.54517287
1305,9.798389,0.28346395
1306,-7.578493,-0.33305818
1307,-0.52299184,-11.625463
1308,-2.9729006,-1.0660518
1309,2.3863587,-9.937782
1310,7.9496865,2.2548444
1311,12.913781,-5.0106664
1312,-0.50471413,1.4899434
1313,-5.816432,-6.051775
1314,-6.16887,0.1385355
1315,6.217475,-10.750119
1316,9.026323,2.3404899
1317,13.801987,-0.8194697
1318,-5.810892,-1.1395288
1319,14.073249,-5.345088
1320,-0.7148599,-2.6866007
1321,14.766878,-0.9428478
1322,-5.8126607,-2.5563369
1323,14.292801,-0.6962295
1324,10.493441,2.7221029
1325,3.221757,-10.564168
1326,10.076613,0.83555603
1327,-2.2754104,-5.3092656
1328,9.885674,1.1129055
1329,-0.83475935,-1.1706908
1330,15.720013,-2.2136753
1331,15.004533,-3.2855947
1332,0.8497657,0.2351706
1333,3.0302765,-11.599495
1334,2.814518,-12.056483
1335,-5.984565,-1.7312132
1336,-1.5953771,-6.7335286
1337,2.2055898,0.9782561
1338,11.791644,0.290296
1339,-3.2914689,-12.082043
1340,8.366961,3.1298106
1341,-0.9237616,-1.7232536
1342,-4.7216854,3.2058156
1343,10.227374,2.8147507
1344,-0.75854164,-9.36195
1345,11.792277,-1.3463955
1346,10.70483,-0.31916422
1347,1.0841316,-4.0007687
1348,-7.2224717,-4.245879
1349,3.7152872,-9.722865
1350,-6.2945704,-8.045181
1351,-6.2735114,-8.116251
1352,-1.7111013,-2.8882096
1353,1.8256277,-4.1286926
1354,12.470465,-6.3277082
1355,-4.017601,-3.976928
1356,-4.8330555,5.0364423
1357,5.964764,-10.837704
1358,15.153359,0.09412872
1359,3.2002027,-12.18994
1360,13.927855,3.0617602
1361,13.752226,-3.9717805
1362,0.33181044,-3.6138325
1363,13.770368,-0.8191356
1364,6.177632,-11.842453
1365,15.344794,-2.419503
1366,6.2171326,-10.87329
1367,-6.678234,-9.165456
1368,-3.141778,-11.119135
1369,7.883804,3.2129
1370,15.969143,3.684909
1371,13.974212,2.0336418
1372,-1.8330562,-0.8252027
1373,14.217542,-1.0158712
1374,-4.442561,-10.275964
1375,-1.5127281,-3.628592
1376,-0.91354877,-6.292431
1377,-6.8303137,-2.358457
1378,-7.06166,-7.0693626
1379,14.328793,-3.5644724
1380,10.285651,2.6292143
1381,-5.959864,-2.3823786
1382,11.234992,2.279319
1383,13.897379,-4.922097
1384,12.427305,-0.6678491
1385,-6.497644,-1.2016946
1386,15.924351,1.8126087
1387,-2.6953332,-5.6235437
1388,7.5150294,0.35869288
1389,12.543948,2.9614756
1390,8.9450035,-10.637423
1391,-5.4585576,-10.302829
1392,-0.40454587,0.07918021
1393,7.3947253,0.17706242
1394,13.244535,-3.006089
1395,14.973663,1.6832805
1396,1.8063757,-4.198744
1397,14.326404,-4.1159005
1398,-7.081777,-8.356274
1399,-7.110767,-4.600894
1400,7.926651,1.1577067
1401,11.39936,-0.26800197
1402,15.171868,2.1932158
1403,-1.509991,-6.1589212
1404,7.9341474,3.3669016
1405,15.040955,2.309809
1406,-4.7742667,-10.291075
1407,13.737857,0.46264935
1408,12.758211,-0.7452667
1409,-7.4869504,-4.537472
1410,-6.6364326,-7.842113
1411,-1.4541614,-3.8155134
1412,16.309906,1.1846801
1413,-6.58826,-2.4822862
1414,16.587765,0.65302336
1415,-0.26844078,-10.614375
1416,12.472694,2.950818
1417,5.0346856,-11.950801
1418,-6.165816,3.7764485
1419,-6.346348,-1.301427
1420,-4.4156466,-4.4837084
1421,-7.1118307,-3.8994362
1422,1.976639,-11.498893
1423,-6.5004063,-6.5407386
1424,4.997249,-12.202438
1425,-6.853937,1.6060613
1426,15.4806385,1.7733338
1427,-6.1801395,-9.555596
1428,1.4979528,1.3065276
1429,-3.08941,-3.3404016
1430,4.2808347,-12.184446
1431,-0.7095506,1.5323681
1432,-4.598748,0.017051952
1433,8.075829,-11.189609
1434,-5.142637,-1.1869799
1435,-0.30093795,0.4651129
1436,-2.716589,-3.3462179
1437,-6.8319516,-8.140067
1438,-7.6530337,-5.1428013
1439,12.129652,1.5124112
1440,-5.859334,-8.58603
1441,-6.72818,-4.3313704
1442,11.037352,-1.0298773
1443,11.493911,-6.6365957
1444,-7.3227725,-7.49086
1445,-6.656629,-4.534692
1446,15.1647415,2.278421
1447,14.447932,-2.5996397
1448,-5.0763288,-6.7409515
1449,-5.55856,-9.809443
1450,-3.2169552,-11.172411
1451,-6.4026613,-2.8353782
1452,13.213561,-3.863018
1453,9.3877535,0.88132554
1454,-6.817632,-7.3508596
1455,0.53392684,2.615621
1456,-2.3316054,-3.6457748
1457,14.937785,-2.3485532
1458,-6.165698,6.1499767
1459,2.066218,-3.5684643
1460,11.725655,-0.07651758
1461,-4.7488914,-0.7848059
1462,-1.3345686,1.7439089
1463,10.429761,2.9587667
1464,13.11985,-3.251933
1465,-2.6859357,-2.3973095
1466,1.3647712,0.4113616
1467,1.9698032,-10.541003
1468,11.664068,-1.6875468
1469,-6.3892226,-2.3763666
1470,11.815912,1.0303662
1471,1.4528718,-12.489225
1472,14.778405,-2.6987767
1473,-3.5702112,-10.6324415
1474,-6.229582,-0.5800612
1475,3.9737206,-8.672389
1476,2.1948197,-10.3942
1477,11.985038,2.3269622
1478,12.819572,1.6791093
1479,-5.431504,-5.3895154
1480,-5.25529,-1.2028383
1481,0.5920201,-2.5641034
1482,9.227552,0.23331289
1483,-4.6577716,-1.1125932
1484,-1.4634573,-7.448694
1485,16.130903,-0.63404936
1486,1.7606761,1.4784341
1487,-5.78686,0.8236009
1488,-3.696204,-11.423725
1489,-4.253653,-0.8499748
1490,-3.8114228,5.6190357
1491,14.453574,0.87426805
1492,3.4134405,-12.599538
1493,-4.113421,-8.355805
1494,9.80786,0.36079946
1495,14.086342,-2.881549
1496,-2.122129,1.259902
1497,15.325206,1.2363733
1498,14.402864,-1.5697438
1499,16.33956,-0.8039056
1500,3.489756,-9.310147
1501,0.4559182,-12.427597
1502,-2.8688805,-11.715023
1503,-4.9278607,-0.010010013
1504,4.8327465,-10.47447
1505,-2.1795697,-5.0485077
1506,0.7931385,-12.88787
1507,10.045789,-10.397887
1508,7.1313286,2.8620582
1509,-0.37140998,-1.9503055
1510,11.609158,-7.6565824
1511,-4.291171,6.2821774
1512,15.970078,3.3747995
1513,-4.116572,-2.2242951
1514,-3.4261858,-4.831468
1515,-4.76208,-8.982469
1516,-0.37335876,-3.3787308
1517,-4.549465,-9.8017
1518,0.27039957,-0.2784382
1519,0.64026743,-11.405955
1520,15.128918,-0.7447916
1521,15.7523575,-1.7338687
1522,-3.8617423,-10.397022
1523,-3.7466383,6.2328453
1524,-4.2244306,0.2883595
1525,9.292255,-9.227931
1526,8.12414,-11.045902
1527,-6.6214285,-7.980002
1528,-6.124744,-7.329292
1529,-5.5742993,2.6233518
1530,-7.419989,-1.8058437
1531,12.463252,-0.23113917
1532,11.286562,-1.6466268
1533,6.420167,-12.152718
1534,9.390488,-1.4660128
1535,-1.7214545,-0.6530161
1536,13.031603,-0.649332
1537,12.7054615,1.0221869
1538,14.771009,-4.6332903
1539,-0.5724805,2.3663852
1540,-1.1379954,-3.5410979
1541,-0.5196914,-9.007185
1542,-6.867143,1.4942647
1543,0.4841779,-0.039958872
1544,-3.7714524,-5.617095
1545,-4.09213,6.423486
1546,-7.184018,0.3768047
1547,-0.52159095,2.0061824
1548,-6.666786,0.3150852
1549,-6.904603,0.49764976
1550,4.132695,-8.156691
1551,-0.76997846,-9.740511
1552,-0.06579247,1.2050959
1553,-6.776535,2.81263
1554,-4.0350943,-3.5265892
1555,16.49191,-0.40419233
1556,9.658688,2.556871
1557,4.669604,-9.262029
1558,-7.5900784,-3.139288
1559,1.430509,0.89893806
1560,8.073078,-10.476998
1561,3.332814,-8.795446
1562,-3.0000482,-2.7935245
1563,8.186901,0.18702513
1564,-0.75497705,-4.611876
1565,13.951324,2.0992355
1566,6.510707,-10.742599
1567,-7.2030907,-9.613624
1568,-0.8874044,-4.6674128
1569,14.06838,3.4705467
1570,13.895519,-1.8316126
1571,-5.1152935,-6.9366937
1572,3.4058938,-8.536288
1573,-3.1384678,-2.8850112
1574,0.29106036,0.44350746
1575,6.2391195,-11.86457
1576,13.363805,-1.2763637
1577,-6.649487,-6.990764
1578,16.592915,-0.045299567
1579,-3.0235236,-1.650263
1580,-8.092491,-4.393729
1581,14.311115,-2.0985394
1582,-1.7296169,-11.951169
1583,11.56979,-1.5509938
1584,15.516377,-1.0403353
1585,-5.8335032,-3.013957
1586,11.889714,0.61334825
1587,13.830405,-1.3607392
1588,-1.2824479,-10.790656
1589,15.235886,-1.8796012
1590,8.490963,-11.1155
1591,12.2938175,-0.55848676
1592,-3.6879265,-11.156368
1593,-0.62149775,-6.317479
1594,13.016097,3.2669082
1595,13.485195,-4.8665986
1596,-0.79950714,-1.2318496
1597,3.5916853,-10.106989
1598,-4.1178527,-1.9928366
1599,14.475695,-3.448093
1600,3.7205486,-8.248362
1601,-5.9638596,-0.07266511
1602,1.1038113,-3.6011386
1603,12.502668,-4.6334133
1604,-0.33169022,0.58001286
1605,-4.5818524,-1.9844636
1606,10.878875,-0.81014127
1607,10.917134,2.8825958
1608,-1.295088,-1.5497687
1609,9.697907,-2.2591925
1610,-3.8672876,1.9087188
1611,3.333977,-10.582435
1612,-6.900876,1.4066601
1613,10.357993,0.11465585
1614,-6.113843,-0.8383322
1615,-6.5322556,4.7412696
1616,-1.4539919,-2.7416704
1617,1.2569044,-12.214568
1618,-5.4387827,-7.7597013
1619,-4.396423,-0.6032697
1620,-5.876275,-4.9266715
1621,-7.512075,-1.359346
1622,0.25143188,2.7359471
1623,8.175017,-10.040927
1624,0.119801685,1.7460127
1625,8.155651,0.4878414
1626,4.8227825,-8.573147
1627,12.524153,2.5651534
1628,14.241323,-5.2032433
1629,0.5023859,-12.621658
1630,5.6174397,-11.364507
1631,-0.82223874,-1.5948169
1632,1.9039637,2.2120724
1633,-4.7046723,-0.41767228
1634,4.14702,-8.369288
1635,9.621108,-10.528933
1636,-2.209259,2.2224057
1637,13.800745,-2.8776205
1638,-2.2186978,-0.8573887
1639,9.046641,-10.946743
1640,11.469777,3.2826657
1641,0.44723654,-1.2618886
1642,10.1354685,1.4858375
1643,-3.917579,-3.4235651
1644,-4.0540595,-3.9362936
1645,-6.642996,-4.216493
1646,-3.7408555,-2.7338092
1647,15.656903,2.0251894
1648,-1.8507845,-5.272579
1649,3.3896816,-11.096722
1650,9.665136,3.127223
1651,15.404702,0.1998694
1652,15.331761,2.4646397
1653,13.267928,1.9273611
1654,-5.530526,-1.7789266
1655,-5.0799046,-9.748893
1656,5.1467056,-9.158732
1657,15.025567,2.043177
1658,10.725448,-6.4461617
1659,2.6918304,-9.899352
1660,-6.88352,5.2047763
1661,-2.8686974,-3.2987137
1662,5.277342,-9.264915
1663,15.468661,0.25451732
1664,0.976983,1.81956
1665,9.279231,-1.245845
1666,2.4865522,-12.041373
1667,12.730903,-0.14710711
1668,-3.3757217,4.14344
1669,-6.4571047,-9.164432
1670,-6.1800456,-9.2761965
1671,15.739375,-2.5224636
1672,-6.7193775,-9.718883
1673,14.75954,0.0440098
1674,13.54474,-2.6909156
1675,-6.3179393,-5.932355
1676,0.8137298,2.3439605
1677,-7.008055,-8.421541
1678,-0.9787471,1.279384
1679,-6.212763,4.698618
1680,-6.865092,-6.2859817
1681,7.5400615,2.886692
1682,-0.5300662,-0.47567618
1683,11.471578,0.046637207
1684,-0.13333224,1.9058259
1685,8.138501,-10.1735115
1686,9.69224,-8.622359
1687,5.109988,-12.363113
1688,15.760025,-2.2955017
1689,-3.0569937,-2.6454601
1690,4.6541896,-9.0151825
1691,-6.435252,5.8271675
1692,1.7515484,1.9765338
1693,6.0675616,-12.346778
1694,-1.4475472,-5.9971943
1695,13.597977,-4.19475
1696,-6.38474,-9.500088
1697,15.581706,-2.7251673
1698,10.5609665,-7.2128544
1699,-5.455277,5.6406574
1700,8.930966,-2.2242124
1701,9.460928,-0.30657575
1702,8.951061,1.7892811
1703,14.966791,1.7540392
1704,5.5046163,-12.387421
1705,-5.405065,-9.732337
1706,-6.230106,-6.1062565
1707,4.9778914,-12.224466
1708,10.849652,1.7587816
1709,-4.019899,-11.4649
1710,9.441749,1.9994555
1711,13.739565,1.889651
1712,11.845372,-1.0792218
1713,9.971423,-0.116357855
1714,-6.162424,-5.2873635
1715,2.1309328,-11.874738
1716,-3.0487685,-5.393862
1717,-6.912206,1.7682949
1718,-1.9646196,-1.1618508
1719,10.245362,-7.9031453
1720,15.443492,1.0866936
1721,0.15927054,-4.6258535
1722,0.7971546,-11.856246
1723,7.640164,2.5948865
1724,14.878016,3.025038
1725,-4.030165,1.6879545
1726,-5.6271377,-9.379987
1727,11.080994,-6.4699373
1728,12.748901,-4.4363437
1729,-1.1660122,-0.4401274
1730,9.67452,-1.8583941
1731,-5.5296626,-2.1644466
1732,6.924211,2.9329379
1733,10.627611,0.12429957
1734,15.923171,-0.34355077
1735,8.917522,0.6076246
1736,14.618116,2.8610857
1737,13.811257,0.80608165
1738,-7.381046,0.060948033
1739,12.559781,-0.61163014
1740,16.232319,2.644126
1741,5.192766,-11.691158
1742,-5.4287996,1.9520212
1743,-1.7290356,-11.738073
1744,-4.1463947,2.3713357
1745,-4.2725573,2.9656596
1746,0.19637169,-4.517022
1747,-6.0603075,-5.734309
1748,4.662285,-9.070231
1749,-5.8807836,-7.420835
1750,14.859934,-0.81420946
1751,11.941592,-7.58294
1752,-3.9498324,-0.6771167
1753,10.77982,-7.395991
1754,14.751294,-0.5446429
1755,15.647,-2.1498258
1756,8.585108,1.6744119
1757,14.642681,-4.2072906
1758,15.451464,3.2135184
1759,-4.5592995,1.7156348
1760,-7.2941647,-3.696421
1761,7.172394,0.6009334
1762,-2.573369,1.22103
1763,-6.6350665,5.221949
1764,-6.5510235,-7.1222177
1765,-7.16969,-4.890325
1766,16.744421,-0.31496692
1767,-6.1769896,-5.0159006
1768,-1.8832947,-4.5694
1769,-7.2659607,-7.028784
1770,-6.265803,-0.57500577
1771,0.3635334,-4.6083164
1772,-7.007831,-7.219611
1773,5.155598,-11.336335
1774,9.940972,-7.7958016
1775,-4.132564,-4.412616
1776,16.33573,-0.57049006
1777,-7.6594443,-1.47494
1778,-5.115595,-5.2850113
1779,9.720668,-8.371365
1780,-2.312275,0.36170575
1781,12.518938,0.88438934
1782,-2.1930864,-6.084452
1783,9.287716,-1.8525865
1784,-7.76894,-6.763357
1785,12.019231,-6.871032
1786,7.307813,-10.510973
1787,-3.0725431,-1.6312506
1788,-1.3236749,-8.65204
1789,-5.3192067,-9.975072
1790,3.568026,-8.826597
1791,-7.246049,-3.1428764
1792,12.739117,1.1777184
1793,-3.6634486,1.4421753
1794,-5.782508,-0.36671713
1795,8.487673,-10.519155
1796,-0.975969,-3.2095568
1797,-3.601973,-3.9277735
1798,10.600939,2.2896185
1799,14.391225,-0.47627458
1800,-4.564634,-2.8919954
1801,16.076706,3.8982267
1802,-4.264038,-3.9684103
1803,0.5298829,2.5461469
1804,-2.6883135,-4.412514
1805,-2.5594766,0.15785784
1806,-3.0870116,-5.8376465
1807,16.079876,1.1311845
1808,1.0974566,2.473472
1809,-3.4441652,-5.7717156
1810,-6.5599117,3.1638796
1811,0.88488454,-12.318986
1812,15.114286,2.3803008
1813,9.324461,-2.0833838
1814,14.959866,-1.7920555
1815,11.182705,-6.5479636
1816,5.5541725,-10.189732
1817,-0.6227166,-1.078185
1818,-3.9238718,-10.600311
1819,-4.263974,-10.129334
1820,10.031895,-9.218863
1821,-7.032674,-6.959752
1822,5.5601068,-11.6350975
1823,7.6176167,3.2202191
1824,13.617689,1.4346744
1825,-6.1119347,5.971397
1826,-7.667702,-6.1917176
1827,-2.0719469,-0.2590096
1828,15.909434,-0.11383113
1829,13.839537,3.343441
1830,-4.9582334,-5.2365522
1831,6.389826,-11.610245
1832,3.181597,-8.814333
1833,12.45704,1.3936294
1834,-0.7207856,1.2657546
1835,-4.549031,-4.7447357
1836,16.884941,-0.0753527
1837,-7.1831326,-0.24421486
1838,2.042185,-3.6618211
1839,-0.7516344,-6.8709044
1840,-4.4531116,-10.839905
1841,2.2327452,-10.599991
1842,8.142681,-10.21785
1843,10.670978,-0.31265482
1844,7.740855,1.4127564
1845,9.54263,0.099721186
1846,7.548575,-11.882099
1847,10.446724,2.4528415
1848,-3.5164661,-10.20782
1849,-1.7700758,-11.721329
1850,-2.0333138,0.32495916
1851,9.3973675,1.7067771
1852,-5.522987,-0.26415333
1853,2.0573602,-12.002832
1854,-7.5210524,-0.6386721
1855,-0.8995129,-6.3571243
1856,-7.5959926,-6.997052
1857,-6.2924047,4.1198993
1858,10.478171,-0.34519666
1859,10.67924,-2.66185
1860,10.251507,-0.60475457
1861,-2.102129,-10.506813
1862,13.423575,-2.0709913
1863,7.764203,1.303819
1864,14.196611,-0.8994033
1865,11.821514,-1.1123666
1866,0.20364177,2.6824236
1867,-3.004835,-11.3467045
1868,0.7090306,1.5919154
1869,-1.1292781,-2.7131095
1870,13.943764,1.2865243
1871,16.070179,-0.2004987
1872,8.267489,0.36328426
1873,-1.2833897,-1.2524045
1874,-7.340601,-1.6263232
1875,15.535844,-0.34123394
1876,-4.243762,-2.1948435
1877,4.8450036,-8.973605
1878,-2.3399658,-10.766524
1879,9.9606285,2.6582406
1880,14.658211,2.1499465
1881,16.168776,1.22573
1882,-4.80613,-9.799584
1883,-3.359727,-9.030953
1884,-2.6178312,-3.923465
1885,-1.2935252,0.8421693
1886,1.7936628,-4.177219
1887,8.786616,0.66703737
1888,12.516057,-1.6876299
1889,8.278634,-9.426942
1890,3.0502267,-8.753006
1891,-4.6963224,1.2616874
1892,0.39622173,-3.4602273
1893,-6.1611524,-7.483548
1894,-2.462802,-3.287664
1895,11.732288,3.06188
1896,15.804457,-0.79994506
1897,14.369758,1.5306743
1898,14.45594,3.083066
1899,7.0831227,3.024121
1900,-6.83912,4.895847
1901,4.46214,-11.896001
1902,-6.51745,-8.483633
1903,0.46189782,-0.4306275
1904,0.92484826,-12.1778965
1905,-0.3526719,-0.5707508
1906,-7.4617877,-3.8847175
1907,11.596971,-7.8355827
1908,15.854229,3.2478068
1909,-7.4001975,-7.5875955
1910,-6.3121343,-6.947387
1911,5.7136784,-12.233762
1912,-6.296779,-0.6532348
1913,14.803313,-0.7152692
1914,-1.7423021,0.726053
1915,16.054264,-2.5011218
1916,13.637785,-3.8424897
1917,13.9232025,2.4516737
1918,-4.8416557,-3.8589704
1919,11.260432,-5.8188114
1920,11.202243,2.663379
1921,-6.6378536,-9.579493
1922,12.193074,2.9410396
1923,11.455893,-6.7114434
1924,-7.088954,-1.6919663
1925,8.770789,1.2565653
1926,-4.247471,-3.6179276
1927,12.275578,-1.3144656
1928,16.218098,-0.9198726
1929,10.371984,-7.786365
1930,14.164028,0.59681076
1931,-2.5404382,-3.557906
1932,4.8781667,-11.414173
1933,0.89848214,0.30123752
1934,15.041853,-1.4506748
1935,9.7834,0.533872
1936,-6.9699216,-4.9756083
1937,-1.7895141,-3.086519
1938,1.7938923,-4.25068
1939,-6.5293074,-2.668504
1940,-0.1434924,0.6939013
1941,-1.6083483,-2.1289084
1942,8.705576,-1.9875821
1943,14.066051,2.818528
1944,-6.1889,-8.107155
1945,15.732906,-1.7464604
1946,16.613905,0.16998836
1947,6.0860925,-10.815406
1948,-6.760738,3.1137402
1949,-3.1531327,2.055409
1950,11.839954,1.5278653
1951,-7.0182185,-5.784422
1952,2.2555678,-12.010085
1953,12.638591,-1.9819065
1954,11.578709,-0.30615523
1955,15.500282,1.2822613
1956,-7.0805426,-1.6458149
1957,-5.7546005,4.4892707
1958,13.4972515,-2.9895349
1959,-6.8402925,2.742736
1960,12.233343,-1.4612678
1961,-0.13239634,-1.8740762
1962,-6.280143,-1.589442
1963,5.784678,-12.494041
1964,12.289603,-0.00599047
1965,15.498016,-1.5444957
1966,0.5895813,0.76428884
1967,10.542458,-6.7216263
1968,12.690379,-1.2648191
1969,11.210642,0.099613145
1970,-2.7803936,-2.404465
1971,0.6300613,-1.1905427
1972,-7.119608,-4.0973988
1973,-0.25950888,-12.135965
1974,-6.1833916,-7.1700697
1975,13.107187,2.2387784
1976,3.9714656,-12.392137
1977,13.830422,-4.234748
1978,13.611704,0.5721314
1979,-6.480756,-6.8499503
1980,10.597043,-9.0216
1981,-5.0760565,-5.813354
1982,-1.1801938,0.26731965
1983,-7.4571857,-3.7884948
1984,-6.7496943,-2.005249
1985,15.766956,1.5511534
1986,11.91466,-5.1907916
1987,-4.031881,-9.84658
1988,-6.853653,-1.0596073
1989,-4.8011556,-4.615546
1990,0.39992642,0.28057167
1991,-7.258956,-3.5110948
1992,16.696276,0.08548971
1993,-5.17526,-9.675315
1994,14.961009,2.3351324
1995,-6.5614367,3.1714401
1996,-5.449671,3.4311528
1997,-7.4982433,-6.8737097
1998,4.3963957,-12.216659
1999,10.680246,-1.1059699
2000,10.091544,1.5505445
2001,15.739488,-0.51216364
2002,-6.973177,-8.466579
2003,-1.351208,-7.0524096
2004,12.637753,1.2548298
2005,1.8718278,-11.04297
2006,-7.1147633,5.0273633
2007,-7.55481,-3.038092
2008,15.982432,3.5027027
2009,-2.102932,-0.29584298
2010,-4.8495913,-5.270368
2011,13.507756,2.1497884
2012,2.464041,-12.122756
2013,12.159722,3.7438192
2014,1.2830957,-4.302676
2015,14.564324,2.705069
2016,10.237843,1.3519768
2017,-5.5849395,-3.289933
2018,-4.623983,4.5666966
2019,8.060188,1.1263778
2020,5.535091,-11.082701
2021,-6.655824,2.1519132
2022,16.156973,-1.2757472
2023,-6.8375783,-4.469511
2024,2.9897864,-9.983309
2025,-6.2908196,-1.1118096
2026,13.051842,-0.85414284
2027,-2.9021564,1.9765378
2028,-6.790321,-10.0236845
2029,13.049763,3.4459004
2030,1.4753023,2.6786797
2031,-3.6602776,-2.4869118
2032,3.4412127,-9.747099
2033,-7.2440248,0.54397196
2034,-1.1305895,2.3061447
2035,-3.9168558,-10.649386
2036,-3.7888918,5.8727636
2037,12.366477,3.5275564
2038,10.93966,2.7103493
2039,-1.9736615,-4.070401
2040,-7.3382115,0.19702376
2041,0.88289934,2.5872364
2042,7.6777935,1.7518747
2043,-0.9626593,0.42961168
2044,0.5031335,1.8396174
2045,-4.935364,0.9762854
2046,5.1653132,-12.14895
2047,9.037255,-9.097263
2048,1.4502531,1.1931955
2049,7.157334,2.212405
2050,-1.3304889,-0.13281876
2051,-0.13182989,-1.6635991
2052,-3.1738398,-1.4667646
2053,14.263831,0.69136935
2054,16.00689,0.84248424
2055,12.493277,-1.2457699
2056,-5.3576083,-1.5923744
2057,13.977493,3.04049
2058,15.693573,-0.43361378
2059,8.662408,1.307762
2060,9.882793,0.9054667
2061,-4.7022834,-6.316252
2062,5.681226,-10.206695
2063,-2.597896,-9.233991
2064,-5.3897104,-5.1758046
2065,-6.3092966,-5.8352337
2066,-3.485847,-5.192867
2067,1.2325876,2.3814857
2068,11.679458,0.003395565
2069,-3.9044101,-9.67835
2070,13.173472,0.0407577
2071,8.143372,-10.854329
2072,7.8158445,-11.682569
2073,-5.4075036,6.531598
2074,-2.9109943,-10.370372
2075,10.200396,-2.0610604
2076,-4.953391,-10.5589075
2077,6.122792,-12.045795
2078,9.220128,-2.1609862
2079,-8.0157385,-7.2317495
2080,-2.488916,2.1755497
2081,1.6530312,-12.746725
2082,0.44624045,-5.6000214
2083,-7.2668805,-4.5937877
2084,13.360993,2.4321158
2085,-6.8892198,-7.325771
2086,-2.8146257,-11.174897
2087,-3.0694408,-3.3767123
2088,2.534554,-10.729452
2089,9.390707,-1.4347597
2090,-7.850519,-6.0409055
2091,13.899417,-0.43446997
2092,-5.4008117,-3.6407034
2093,-3.9088435,6.3277993
2094,2.1458607,-12.342038
2095,9.676264,2.6599896
2096,-7.1925316,-0.57020307
2097,10.242878,-0.64822125
2098,-3.455496,-4.8994246
2099,8.976496,2.6107953
2100,-2.4890137,-10.078631
2101,-4.6746836,6.156466
2102,14.549307,2.3941493
2103,-0.8810722,1.3537579
2104,-0.8977878,1.0170286
2105,10.548686,1.824411
2106,-1.686513,0.45460424
2107,-6.057039,-6.334172
2108,11.327664,-6.066032
2109,15.659496,2.7862086
2110,8.124381,2.988234
2111,5.902911,-10.037429
2112,-0.6712373,-4.4797883
2113,14.276272,-0.8104327
2114,-2.6126463,-5.555511
2115,12.056687,-0.21259356
2116,15.233538,-1.2158325
2117,-0.18902291,-9.311632
2118,-6.744957,-3.5433896
2119,-7.186611,-4.168717
2120,10.807349,-0.9763821
2121,7.3399453,-11.691471
2122,3.772422,-10.643461
2123,13.244702,1.1219292
2124,10.013262,1.4172567
2125,-1.4657305,-9.781636
2126,-6.733709,1.7244278
2127,-8.056247,-5.346459
2128,-6.194605,-3.9508834
2129,4.2579265,-10.236626
2130,-5.2306113,-4.7055264
2131,5.6579285,-11.938716
2132,-5.6071925,-8.924444
2133,2.5166867,-11.762682
2134,16.126549,1.8503056
2135,2.0401971,-10.542632
2136,13.3631935,-0.750339
2137,14.597475,2.1314728
2138,6.0144033,-11.028119
2139,13.657345,-3.4092412
2140,-0.17024677,-11.44191
2141,2.263235,-3.9079404
2142,0.6681523,0.6435679
2143,-4.141549,2.5734942
2144,1.5696539,1.301025
2145,1.6505483,-11.71781
2146,-5.065305,-0.48323318
2147,-7.9257035,-4.8137493
2148,-2.5263393,-0.8825407
2149,14.758862,0.29723087
2150,0.26244122,-11.248629
2151,2.220341,-3.7386758
2152,9.421882,1.6808864
2153,-6.8132014,-8.862472
2154,12.921664,-1.0783039
2155,13.196895,-0.13064137
2156,-2.3021932,-4.0642633
2157,-1.1496384,-11.867491
2158,-0.96000344,-3.7343695
2159,-6.076674,-8.035685
2160,9.51855,1.9317167
2161,-4.076001,-9.9991255
2162,-7.3063626,1.2565695
2163,-1.8033816,-2.8787158
2164,-7.3850746,-3.0037029
2165,7.3244653,2.9134328
2166,5.3491974,-11.5978365
2167,-2.6611266,-11.052093
2168,7.55343,0.12037715
2169,15.854845,2.1308582
2170,3.2988207,-11.2090025
2171,-5.932488,-8.111339
2172,0.52559704,1.7176701
2173,-7.4717565,-3.6250632
2174,13.121307,-0.10298085
2175,-4.2049837,-3.8087785
2176,9.151967,1.223711
2177,-3.9776537,-4.30604
2178,14.122184,-0.49684772
2179,12.77304,-2.4553802
2180,-2.7746077,1.9079053
2181,9.714738,-8.819075
2182,-3.1741416,-4.258775
2183,6.969535,2.1372843
2184,-4.903481,-0.56747
2185,13.300243,-3.5263789
2186,15.3211775,2.029634
2187,4.1499763,-8.931091
2188,7.5181136,-11.767945
2189,-5.390282,6.223761
2190,7.159333,3.0927758
2191,-7.531725,-6.4087195
2192,-5.7629337,-8.599479
2193,-2.4098473,-12.15509
2194,-3.0074375,-5.4954643
2195,1.6879886,1.8667573
2196,4.5207944,-8.866326
2197,8.796045,-11.224373
2198,-6.3359833,-8.21875
2199,-6.703305,-4.56375
2200,-2.0275087,-4.097921
2201,11.867703,3.2880118
2202,1.8945776,-3.791321
2203,-7.5345006,-0.70780206
2204,7.525047,0.6026718
2205,-5.232923,-1.2772827
2206,0.09439025,-0.37866768
2207,-1.4285539,0.5813134
2208,8.161248,0.570313
2209,1.6358331,-11.552882
2210,-3.1497228,-10.355652
2211,-5.255693,-5.1802773
2212,-7.78937,-7.4578605
2213,-6.624003,-2.3809936
2214,15.159099,3.4495955
2215,13.4795265,1.6309394
2216,13.294962,-2.1834269
2217,10.740102,-8.12948
2218,-2.0902455,-0.1961232
2219,-7.609761,-0.64720464
2220,14.399082,-0.8055777
2221,4.878079,-11.908839
2222,-0.87963367,-2.9531834
2223,-7.0136385,-2.6649003
2224,15.234443,-3.2570372
2225,-3.1240776,-5.423158
2226,12.041072,3.4438348
2227,11.044414,-6.3611155
2228,-7.3563886,-1.5600189
2229,14.716303,-3.9326773
2230,9.976293,0.34374675
2231,14.906107,3.238842
2232,15.653296,-1.7208939
2233,13.030366,-0.48752838
2234,-5.8827224,-1.5530394
2235,-3.8778894,-11.553026
2236,5.163846,-12.299359
2237,10.559185,-8.388356
2238,-0.80090183,-4.70403
2239,-5.7051773,-5.647731
2240,15.515094,3.3348927
2241,-4.7079554,-2.1272144
2242,-6.505173,4.4673886
2243,-2.3840814,-11.595153
2244,-5.934269,-3.9911494
2245,12.852053,-5.1287374
2246,7.552734,-10.167985
2247,-5.1751957,2.8758445
2248,-6.321269,5.3203535
2249,7.316821,0.28506035
2250,-5.6251493,-4.5004926
2251,-6.147758,-1.6761191
2252,14.565527,2.4445965
2253,-0.33712372,2.561322
2254,-5.92005,4.7408657
2255,-0.7392136,-9.093534
2256,3.217529,-11.560482
2257,11.414294,2.4590726
2258,-2.5500066,-1.4285815
2259,9.849808,-2.0148506
2260,-1.3513398,-2.5334044
2261,7.5112777,-10.785721
2262,14.680587,-4.8045344
2263,2.0318096,-3.5907936
2264,-3.7889926,4.0116687
2265,-3.8194828,3.8979025
2266,-0.14524996,-5.451353
2267,13.327414,-5.6148906
2268,-1.1228166,-1.7594937
2269,-5.6888704,-5.802507
2270,-2.2701042,-4.0683513
2271,-0.67583054,-1.6924964
2272,-3.1411476,-10.47721
2273,-1.311779,-7.5832767
2274,-3.2228866,-2.3377037
2275,-4.462299,-10.585599
2276,-2.9256527,-9.436151
2277,-7.287087,-4.1588187
2278,-5.809661,0.67481256
2279,-3.27974,4.521527
2280,0.91104823,-4.486872
2281,-5.4593453,-6.001347
2282,13.769334,-5.4960227
2283,16.681746,-0.17210372
2284,-3.192293,-10.617963
2285,14.25656,-5.016417
2286,14.131512,2.5499818
2287,14.320552,-1.4419534
2288,-6.471544,1.1356481
2289,-2.187759,-1.1285362
2290,13.133103,-4.489446
2291,14.19001,2.317166
2292,-2.0016847,-0.4741327
2293,10.977774,2.9083006
2294,10.440605,0.7280119
2295,0.84613246,2.976796
2296,12.480895,-6.584877
2297,-1.645907,1.9070113
2298,9.43419,-9.018017
2299,-6.103922,-8.774518
2300,-6.371773,3.1206882
2301,5.344725,-10.912505
2302,-7.1618505,-9.255637
2303,15.214054,-0.664234
2304,-4.289731,-2.158726
2305,16.499327,0.94821477
2306,16.72106,1.0890254
2307,13.965888,-1.7027255
2308,-3.8977933,-9.759815
2309,11.240241,-6.0339403
2310,12.054627,-0.98514
2311,-3.8933473,2.7069795
2312,2.7075624,-12.45475
2313,7.8280582,2.0637848
2314,-7.985511,-4.653079
2315,-1.8963338,-6.544747
2316,1.6822915,-0.16246383
2317,3.225575,-9.339877
2318,11.080346,3.1947095
2319,-1.2011777,2.586871
2320,-3.6670544,2.9169192
2321,-3.2603092,5.229179
2322,-0.9880166,-11.993298
2323,-4.886862,-2.7030344
2324,-7.8905554,-5.137641
2325,11.462549,-0.60536486
2326,-2.6479938,-10.296114
2327,9.103786,-9.2242565
2328,-5.502782,-0.099774696
2329,-3.3616514,5.8858047
2330,7.34444,-11.815511
2331,-2.1662548,-10.721066
2332,13.816363,0.7973141
2333,11.511561,-6.268789
2334,-0.83309615,0.32992062
2335,-5.8683996,-8.568682
2336,13.615086,-2.3538463
2337,11.96599,2.6738882
2338,-7.2551947,1.3494463
2339,-0.2847143,-2.0304632
2340,-6.3306518,3.4264948
2341,16.435371,-1.0699577
2342,16.360142,-2.4834692
2343,15.690583,0.68783075
2344,11.630775,-6.6326613
2345,-6.7057347,-7.121188
2346,0.47796303,-11.00472
2347,12.660652,-5.322991
2348,5.195898,-9.361411
2349,-6.9256988,-7.4301877
2350,14.051329,0.6642684
2351,3.9439805,-9.460524
2352,15.544002,1.1485319
2353,4.5463576,-11.2058
2354,9.906175,-2.2338054
2355,-4.362615,2.0425956
2356,14.743468,0.87648785
2357,-2.7364507,-11.305584
2358,-0.25957537,-12.211375
2359,-0.44931567,-3.0722232
2360,13.5004015,-4.4280043
2361,4.0866103,-8.324585
2362,12.185752,-6.4342813
2363,-6.9751005,4.0714135
2364,3.5788944,-12.04367
2365,-4.0999107,-10.226532
2366,-6.827596,4.9451404
2367,-1.2435303,-1.4814124
2368,-4.2922173,1.559506
2369,-2.239511,-10.407589
2370,1.311078,1.1260071
2371,-7.6923637,-5.4862275
2372,10.524894,2.2270133
2373,16.197517,-0.5035563
2374,15.3539505,-1.0740875
2375,12.417202,-1.2311233
2376,-6.064327,-1.0225495
2377,8.90555,-10.073206
2378,8.891907,-9.232864
2379,-6.081914,6.0898147
2380,2.15514,1.4687514
2381,15.810574,-2.1084483
2382,-4.1250124,-4.2928057
2383,-2.2757142,-5.8051686
2384,15.956846,-0.15365161
2385,-5.7697062,-6.7792635
2386,-5.962929,5.5117154
2387,14.149924,2.1617792
2388,-1.9234599,-1.1232427
2389,-3.8944774,-0.124712914
2390,-2.4926202,-5.06354
2391,-6.8637123,-1.0443139
2392,0.6485906,-11.114844
2393,4.389124,-12.290603
2394,-6.6650114,-1.3476825
2395,-2.864206,-4.908585
2396,12.836925,2.9435015
2397,-4.1854935,-2.278204
2398,12.085281,-1.4410369
2399,14.54317,1.0372329
2400,16.229603,0.8836888
2401,13.9197855,-2.730221
2402,0.2837003,-2.886649
2403,8.401808,0.25405017
2404,13.15648,0.61469096
2405,-8.00132,-6.591425
2406,-3.254251,-3.3649144
2407,14.67044,-4.103662
2408,9.316286,-1.0504768
2409,-0.2045887,-9.235816
2410,-3.4656973,-0.7730503
2411,14.366995,0.29200968
2412,9.657844,-9.335516
2413,8.981639,-0.058093887
2414,0.7898996,1.8591684
2415,5.30254,-9.860055
2416,3.5156777,-11.09763
2417,16.368465,0.96919674
2418,11.950436,1.8898845
2419,-5.555779,4.1198316
2420,-6.817282,-0.5982532
2421,1.6585516,-11.217399
2422,-7.728861,-5.547285
2423,-3.6146076,-10.399727
2424,-6.491024,0.15643471
2425,11.384347,-5.937868
2426,-5.575697,-6.4728374
2427,-5.7187905,1.45179
2428,-0.6026703,2.7908118
2429,5.7300615,-10.555387
2430,-5.6553645,5.3755336
2431,10.000693,1.5547132
2432,4.622443,-8.656241
2433,13.191592,1.1762726
2434,15.275872,2.9751334
2435,9.391324,2.9983866
2436,-2.8343472,-7.746444
2437,15.337854,-1.1374118
2438,-6.786475,-4.05555
2439,-0.032154106,-2.8452072
2440,16.153662,3.8569198
2441,8.337528,-0.037640322
2442,16.564245,-0.09428823
2443,15.308719,1.5000962
2444,5.0206494,-8.855313
2445,-2.301553,-11.000051
2446,-2.1739063,-3.2440164
2447,-4.016119,3.9398005
2448,-0.38940093,-10.910587
2449,8.399989,1.7864307
2450,13.969364,-4.7399435
2451,9.996808,0.6282728
2452,-6.745375,0.4981328
2453,-5.6187267,-1.7264454
2454,12.718364,-0.81397665
2455,-5.541782,-8.554957
2456,-6.3143525,-7.6390285
2457,-6.2223144,3.451252
2458,-6.9092937,4.7189183
2459,-2.1037548,-10.532874
2460,-0.3190531,0.18125555
2461,1.0740962,0.5074011
2462,9.508217,-0.6080352
2463,15.997933,3.823517
2464,-6.280143,-4.0038285
2465,-5.754739,1.0727783
2466,-1.3009177,-0.94639224
2467,-3.0234807,-2.804651
2468,4.663013,-10.64649
2469,12.615475,0.27670756
2470,10.948885,-7.1562295
2471,3.6587684,-10.4526825
2472,16.311993,-0.24811806
2473,1.4523774,2.2539043
2474,0.3630962,-5.0345206
2475,-2.268347,-11.048974
2476,10.239429,-0.48390487
2477,-6.4829235,-7.0914364
2478,3.9885068,-8.600062
2479,-3.373625,-0.16383468
2480,-2.9173868,-2.2789886
2481,2.7190733,-9.280804
2482,-3.3975756,6.31774
2483,1.1224892,0.7364487
2484,-2.109742,-5.3954573
2485,-6.661889,4.4210157
2486,10.693591,-7.452641
2487,12.971639,0.5737274
2488,7.63866,0.13241775
2489,3.8306434,-11.184396
2490,12.365423,-0.9101749
2491,7.50227,-11.362709
2492,10.37403,-9.762887
2493,9.248698,0.6764338
2494,-7.009146,1.9461441
2495,14.569216,-3.501357
2496,-0.93604696,-2.4526606
2497,-7.6085076,-6.6847143
2498,-0.17495781,-1.4312551
2499,13.231936,-3.5727754
2500,0.53785944,-10.87562
2501,-1.8103617,-10.295058
2502,-2.0298262,-12.254844
2503,14.1282015,-1.9807066
2504,-1.8516037,0.4675628
2505,-7.616145,-5.2228475
2506,-0.91023546,-11.000608
2507,-5.616386,3.3931537
2508,-0.87489766,-11.861796
2509,1.9187832,-3.3744998
2510,14.821586,2.1585743
2511,-7.1415014,1.3276409
2512,-6.0998535,5.6378016
2513,7.1333914,-12.120305
2514,-3.0639324,-11.8959875
2515,-7.5520816,-7.0145693
2516,3.3399723,-8.526557
2517,-0.59457505,1.5696546
2518,-7.1894984,-3.0937505
2519,15.773683,1.8155038
2520,-7.3275385,-7.4857144
2521,2.8389392,-9.035235
2522,-0.12007913,-4.6894517
2523,-2.6484427,-10.511125
2524,13.863526,-1.8776766
2525,-7.3536367,-0.8
2526,-1.6771345,-0.9294175
2527,8.930277,2.2168937
2528,14.418327,-4.4507236
2529,9.669741,-0.76597863
2530,12.829991,-3.240997
2531,9.220533,1.553633
2532,3.7143838,-10.100217
2533,11.581739,-7.7340093
2534,4.1923265,-10.056188
2535,5.2184305,-8.771739
2536,-1.9646064,-5.3614306
2537,-7.8686347,-6.5097313
2538,9.302163,-10.918314
2539,-4.002489,-4.540899
2540,1.8954755,-10.868715
2541,-1.5077924,0.46914223
2542,-2.6380894,-4.796889
2543,15.259788,-2.7698426
2544,15.670162,1.5375384
2545,-7.7603583,-0.44579637
2546,-8.067911,-1.0429145
2547,-4.1900115,-3.128016
2548,0.40245372,-2.7162979
2549,10.888352,-6.6769753
2550,-2.1352816,-6.1480627
2551,-4.8533525,-0.41196096
2552,-7.978852,-5.60696
2553,16.234741,3.5368
2554,-6.9221935,3.8387816
2555,0.061429292,-0.1106496
2556,12.973079,-4.2877755
2557,-4.7725387,6.652779
2558,-7.7845354,-1.0571787
2559,7.8781824,-10.3920145
2560,-6.150572,-1.0210289
2561,3.4906485,-8.647529
2562,10.703826,-9.421502
2563,12.73507,3.4335737
2564,-3.529992,-11.607231
2565,14.985802,3.118791
2566,14.830001,-4.2985907
2567,1.0704321,-11.545841
2568,11.701143,-0.946193
2569,-7.1993985,-5.257417
2570,4.7782516,-10.25164
2571,9.126867,0.91179293
2572,1.3962615,1.8345702
2573,12.08865,-7.0415015
2574,5.1144733,-11.654891
2575,-4.995929,-9.127021
2576,11.872705,-6.7394047
2577,0.29544857,-4.23668
2578,14.564504,-4.7617974
2579,10.818532,-1.2395786
2580,-1.7554469,-11.024587
2581,-3.7590094,-2.1554775
2582,-4.964057,-1.6456403
2583,9.5466175,-10.187078
2584,12.941996,-1.3434759
2585,-0.55844384,1.4443917
2586,-5.6413555,-3.5761836
2587,12.760314,1.4359986
2588,12.932341,-1.8386636
2589,14.056734,0.121197075
2590,7.454733,2.208916
2591,10.867867,-7.0930543
2592,13.085085,-0.3136617
2593,15.806752,0.9107731
2594,-7.0526686,-6.001827
2595,-5.395459,-5.8786707
2596,-6.4588623,-8.327928
2597,4.9719276,-10.010116
2598,-1.0002168,-7.888383
2599,-0.12168211,2.0905223
2600,8.191758,2.9593322
2601,1.6500553,2.6562722
2602,-4.732838,-10.490783
2603,-3.7544036,5.7337914
2604,7.3117847,-9.869684
2605,-4.3238516,-10.083004
2606,15.367417,-0.32558927
2607,-1.0531088,-7.0904846
2608,13.069294,2.1389453
2609,-5.8005514,-1.4005036
2610,15.269557,-2.3049204
2611,-3.619629,1.0393295
2612,3.5039866,-8.10569
2613,-0.44368353,1.9615066
2614,14.601147,-0.051777035
2615,11.201854,-6.6043177
2616,-7.8906193,-6.660409
2617,-3.1359143,-10.982669
2618,-3.606611,-9.129262
2619,-3.9800515,1.2395629
2620,-6.5657125,-3.6896973
2621,-1.7454829,0.70239025
2622,-0.5329072,-9.218278
2623,0.18579309,-10.16304
2624,10.081012,2.207191
2625,12.42977,0.15285093
2626,-0.17138512,-6.3517313
2627,15.852016,2.8013313
2628,7.506496,-10.171434
2629,0.8915894,-11.146292
2630,-5.2513747,-2.5883186
2631,10.123662,0.5875236
2632,-2.728629,-11.325705
2633,-6.0501122,4.7085648
2634,15.187094,3.3941429
2635,-0.52294296,-9.077903
2636,14.639415,-1.3731717
2637,-2.3617976,-0.24735793
2638,-7.717215,-4.022701
2639,-1.4535072,-12.044744
2640,6.387686,-12.300597
2641,12.673578,-5.0527925
2642,1.0096554,0.6035544
2643,-2.5815911,-5.7268815
2644,12.759218,-1.7827344
2645,4.647002,-9.815794
2646,-0.85510004,-2.1436276
2647,-3.0748925,-6.8120937
2648,8.660566,-10.686123
2649,-3.3207073,-3.1533988
2650,-0.24368192,-2.5812647
2651,-0.29733723,-2.6336675
2652,9.348787,-9.546443
2653,12.7907095,-4.0828876
2654,9.112704,0.13053927
2655,-6.898864,-4.7591853
2656,-7.757823,-5.493305
2657,-5.0437036,6.47099
2658,16.209618,1.2394882
2659,-5.508838,-6.9432654
2660,4.201453,-10.200601
2661,-7.0011616,4.6227307
2662,10.845157,2.1261973
2663,13.692353,-4.9156938
2664,13.300583,-5.318765
2665,3.974091,-10.187384
2666,-4.102013,-9.43246
2667,2.9842317,-11.479118
2668,11.200928,-8.724533
2669,9.344712,-10.847913
2670,-7.591467,-7.889804
2671,6.964075,-11.908379
2672,13.881369,-2.0079873
2673,12.343939,0.15100153
2674,12.495441,2.2472005
2675,16.151838,-2.722984
2676,12.025728,-7.447443
2677,0.90314317,2.0655859
2678,7.8481092,-11.403946
2679,6.914024,-11.439305
2680,16.007502,-0.5355003
2681,-7.0335755,-7.310973
2682,-5.937475,-6.0733576
2683,10.034759,-1.1982331
2684,4.2530327,-12.593198
2685,15.016353,3.0654962
2686,10.269333,-0.057914417
2687,-5.503603,-3.1240587
2688,11.947316,-3.443082
2689,-6.5758204,-9.106559
2690,10.267456,2.3310885
2691,2.3005345,-3.5365016
2692,0.3478658,1.7344682
2693,13.8694315,3.2151449
2694,2.4980743,-12.286891
2695,7.3539176,2.2464578
2696,-1.0042965,-7.5722775
2697,7.391088,1.5429599
2698,-3.7948813,-11.645624
2699,3.8856177,-9.487764
2700,12.132032,-7.0537553
2701,11.608594,-0.532183
2702,11.8893585,-6.599333
2703,-0.25514653,-5.913398
2704,-3.3637762,-5.676163
2705,-3.2978845,-9.770279
2706,-5.1346383,-2.3549147
2707,-3.1255205,-7.220105
2708,2.6169188,-10.792642
2709,-5.573556,-7.3184814
2710,16.52452,3.6798618
2711,-4.3443327,-1.8468121
2712,16.107777,-2.617671
2713,1.4184735,-10.835868
2714,2.9286273,-12.333509
2715,11.21999,2.613307
2716,10.287161,0.67227745
2717,-6.2836695,-9.525169
2718,9.644517,-1.5601925
2719,-0.9070414,1.0207034
2720,13.679496,-4.632928
2721,-6.1790853,-4.737168
2722,-3.0208323,-9.057527
2723,12.648208,1.7007087
2724,12.476298,-5.1814375
2725,16.097702,0.61866766
2726,10.292299,-8.175148
2727,16.383104,-0.56116533
2728,0.2878381,1.7091613
2729,-6.7254987,2.5482495
2730,-2.215008,-3.3220408
2731,-2.7913752,-2.0446417
2732,1.6847581,-10.553421
2733,-5.974294,-8.545108
2734,0.5112775,-3.9506795
2735,16.001179,-1.7819365
2736,1.1484153,-11.157345
2737,0.32717535,-12.073552
2738,-7.2579737,-3.939203
2739,3.7622309,-9.983603
2740,-5.611971,1.6379265
2741,6.9556484,2.2597141
2742,13.320531,-3.8547983
2743,14.211578,3.3958452
2744,9.454122,-10.764208
2745,12.457326,-4.7296314
2746,2.7260468,-12.334975
2747,5.4650416,-12.3611145
2748,-3.5356343,2.4725432
2749,-6.503835,3.9490273
2750,-6.7229543,3.8203645
2751,-1.6175348,-10.390255
2752,-4.6770506,-0.7055592
2753,0.5912721,-4.762166
2754,-1.2720318,-10.098977
2755,-3.7355032,-3.5987372
2756,12.262513,-1.2273182
2757,0.20609885,1.3914223
2758,4.0156755,-12.3128805
2759,8.201092,1.3662279
2760,1.134652,2.6553204
2761,13.446446,-1.1691409
2762,-2.8656948,-8.896126
2763,14.710654,2.0505674
2764,0.22954558,-5.6848693
2765,-2.5660925,-11.662857
2766,-3.8237112,1.2224071
2767,-0.3104771,-1.2575954
2768,-0.2747379,2.3526497
2769,4.8608456,-11.227639
2770,14.740395,0.80772495
2771,3.9104261,-11.72502
2772,15.168946,1.2975869
2773,-3.6463056,5.0612383
2774,-5.6422076,-10.054741
2775,-0.37280178,-11.4856825
2776,-7.2787113,-6.2754216
2777,10.791712,2.6756513
2778,7.783419,2.1797097
2779,7.766841,1.0921885
2780,14.423223,3.1601655
2781,3.2920105,-9.968437
2782,-1.5737064,-1.562557
2783,-0.926532,-6.62322
2784,-6.840282,0.18243901
2785,13.589016,1.4861783
2786,-3.790267,5.579229
2787,15.977918,-0.2186552
2788,-2.6637862,-4.294644
2789,-5.8294706,-9.749171
2790,1.3306893,2.563278
2791,8.500098,-10.0300455
2792,-6.4831567,-9.580043
2793,-7.418476,-7.3212447
2794,14.143008,-0.26128098
2795,-7.565501,0.5714114
2796,-0.98742443,-2.5261467
2797,-6.568805,-9.453291
2798,-0.5885388,2.1402528
2799,-6.99447,3.5217338
2800,6.7138243,-11.450323
2801,10.741903,-0.14607632
2802,16.504251,0.6430483
2803,-7.643578,-4.784539
2804,3.7304227,-8.3137455
2805,-1.48368,-5.161088
2806,-5.894363,2.9394414
2807,-7.197394,-6.565183
2808,-6.6754556,5.3696947
2809,-2.9577165,-4.299163
2810,-1.7335818,-3.6542606
2811,-5.4101205,-3.1465178
2812,-3.7306852,-0.7320562
2813,-4.309066,4.4280643
2814,-6.7409487,2.045498
2815,1.8150468,0.9424137
2816,-0.8241582,1.8291334
2817,2.0045102,0.49513072
2818,12.069896,2.7830372
2819,6.4520516,-12.079229
2820,6.9762597,-11.0153675
2821,-5.805775,-6.9744344
2822,8.81348,0.995298
2823,-1.4276508,-0.28829488
2824,-5.7024207,-7.6944237
2825,-7.4218163,-8.260333
2826,14.07637,-3.8568132
2827,13.380793,-1.89109
2828,0.7088442,-4.39114
2829,2.7808802,-10.375146
2830,11.040752,-0.6472001
2831,15.952995,-2.0943918
2832,9.773986,-8.630265
2833,13.104498,-5.063649
2834,4.982552,-12.022611
2835,-6.897242,2.0860546
2836,14.74245,-3.5287766
2837,9.4040785,2.1996498
2838,1.898469,-11.703068
2839,-6.5530596,-2.2599096
2840,-6.3978367,0.075855985
2841,14.771768,-0.113680854
2842,1.373606,2.9285064
2843,11.269551,0.20032276
2844,-0.15999804,-0.6521608
2845,-0.26533008,-9.281831
2846,13.34685,-1.1333404
2847,12.497012,-5.834961
2848,1.002602,1.048502
2849,-6.8020134,-3.6773515
2850,0.28013214,-3.7646847
2851,-1.069393,-0.14816791
2852,11.801636,-5.6853614
2853,15.113368,-0.3601295
2854,-1.379628,-3.78092
2855,8.960922,2.1857204
2856,1.7636119,1.952994
2857,-2.530003,-1.7447208
2858,16.441137,-2.0752072
2859,14.873708,0.07998089
2860,4.6085773,-12.193899
2861,0.3476748,-0.8252145
2862,-4.8922076,-10.127423
2863,6.867584,-11.570272
2864,-5.1722407,-3.450048
2865,-2.0017977,-9.885993
2866,13.033946,-3.0790045
2867,-2.5312524,-0.43033242
2868,0.027062261,-3.2759418
2869,0.94163,-3.821129
2870,10.391984,-7.862499
2871,-1.1118191,-2.9891248
2872,1.6370335,2.8803322
2873,2.182102,0.5191794
2874,-3.6309814,4.7131295
2875,-3.625447,4.05643
2876,-2.408074,0.26361823
2877,9.580519,-10.742717
2878,-3.6122725,4.3176384
2879,1.7437797,-11.379252
2880,2.1229186,-10.514493
2881,9.31652,1.968747
2882,3.4928966,-12.029656
2883,12.089047,-0.6812907
2884,16.136988,0.6025717
2885,-7.4162,-4.8529954
2886,-5.334463,-6.059532
2887,-7.291454,1.2058116
2888,-4.672926,6.0587606
2889,10.70767,0.01772209
2890,-5.556121,-3.3105705
2891,-7.110746,-7.8141947
2892,16.04233,3.4568157
2893,1.2402956,-11.436939
2894,15.403179,1.7889969
2895,0.37236142,-2.7157788
2896,-0.948006,-1.3883814
2897,-1.2011536,-6.4862227
2898,13.800524,-1.9033065
2899,-5.546747,4.373623
2900,-5.1053905,-1.2130506
2901,-7.561926,-7.695837
2902,-6.036611,-2.8508196
2903,-3.6796076,-2.2907765
2904,8.454215,0.81200194
2905,0.4245831,2.837314
2906,16.391,0.58995104
2907,-1.3826149,-7.872588
2908,-2.4434214,-0.37290376
2909,0.65022236,-12.031938
2910,11.236671,-0.8090711
2911,10.113181,2.6750884
2912,-1.3813577,-3.4051883
2913,6.1888127,-10.770452
2914,14.786006,1.0752971
2915,2.0165942,1.9507464
2916,15.106328,1.6006656
2917,13.978474,-4.5729866
2918,1.7149825,-3.854873
2919,-1.7883192,-11.030904
2920,-6.2945814,-5.9370675
2921,-2.1868045,-11.994091
2922,11.432863,-7.5037284
2923,-5.7907176,1.1687268
2924,12.526045,3.2538593
2925,-7.341653,-6.880954
2926,13.080761,1.4948243
2927,2.256693,-4.0572996
2928,-1.286732,-8.643996
2929,1.1978635,-12.107642
2930,-7.6264777,-0.3773697
2931,0.8302015,-10.942957
2932,11.975101,-1.4751103
2933,12.93739,-2.4665873
2934,4.62465,-11.75797
2935,9.081243,-1.6583537
2936,-6.209738,-2.5439906
2937,0.627057,-12.525252
2938,4.6218495,-9.631214
2939,10.741174,-0.16239768
2940,-4.0352044,2.4889047
2941,1.7969708,1.6057825
2942,13.433641,0.06299939
2943,13.662526,0.44263333
2944,12.451006,2.638977
2945,12.946527,-3.7836242
2946,-2.5773606,-10.711239
2947,5.271895,-9.810167
2948,-6.465538,-4.5025926
2949,15.5241785,2.2925315
2950,6.250389,-10.92737
2951,-6.684733,-1.8681723
2952,16.393547,-0.8614929
2953,13.373593,-1.8839473
2954,5.16667,-10.779397
2955,-7.242766,-1.9873507
2956,-5.716497,3.329255
2957,-3.0464418,-3.3949
2958,11.990894,-0.53262216
2959,3.3391778,-9.062603
2960,16.499626,0.046301786
2961,-5.239377,3.4637163
2962,-3.6197522,4.3994746
2963,-4.046011,-1.3601214
2964,7.850452,3.1205394
2965,-4.209894,1.1744025
2966,-6.859462,-6.4703603
2967,-0.51814413,-9.455113
2968,-0.6619433,-0.09901904
2969,12.698121,-4.2354465
2970,-6.1720567,-9.10124
2971,-5.6152725,3.276579
2972,14.140654,-0.60496885
2973,-2.769359,-0.31260908
2974,-1.6265669,-12.4294195
2975,-4.405625,2.0898788
2976,-4.0974574,0.1311313
2977,12.214252,-1.3990768
2978,-0.0016450081,-4.721588
2979,13.734624,2.3036625
2980,5.0373135,-10.725457
2981,-2.6652691,-12.106575
2982,-6.9198165,-5.9019732
2983,-6.026461,4.0658073
2984,9.833741,-10.170606
2985,0.049365453,-0.5378751
2986,-0.5092267,-4.0161037
2987,1.8371902,-11.884106
2988,16.492208,0.43068582
2989,-3.0378635,-2.8186157
2990,13.705356,-3.98858
2991,-0.46126315,-2.5233817
2992,-3.4175186,-2.9832036
2993,7.8570404,2.4311783
2994,9.666344,2.8372755
2995,-3.9127016,0.8514018
2996,-1.9509264,-1.4299405
2997,11.985613,-1.366527
2998,16.101387,-2.7164912
2999,9.489789,0.8936879
3000,-3.4565222,4.5234594
3001,-0.57118535,-2.0334265
3002,14.096951,-3.764869
3003,-5.843239,-5.6983953
3004,16.307789,-2.3527794
3005,8.06237,0.5312704
3006,-5.7632284,-7.0306754
3007,11.17813,1.4644436
3008,-7.0544057,2.6462681
3009,1.4873426,-11.262582
3010,9.301013,1.5587552
3011,-7.0308285,-9.600496
3012,-5.4181285,-5.9306483
3013,1.8800943,0.92124575
3014,0.5118973,-2.5492024
3015,-6.6091247,-8.146011
3016,-4.685047,-9.609051
3017,5.8999796,-11.353091
3018,8.233817,-11.317471
3019,2.4506826,-10.060227
3020,3.1442113,-9.758281
3021,-7.12691,-8.7379465
3022,15.393892,0.07006262
3023,-0.9631482,-10.073988
3024,-4.6343093,6.2968893
3025,13.785057,0.2570022
3026,7.055549,-10.358807
3027,13.212278,1.8560029
3028,-4.031951,-9.97822
3029,-7.584019,-0.2338766
3030,-7.048065,-5.0816293
3031,13.534559,-4.901811
3032,14.381168,-0.55728346
3033,-2.9461403,-3.4920428
3034,-5.669546,0.40922588
3035,7.503146,0.367823
3036,-2.1434238,-4.8042345
3037,-6.7657156,-0.97940475
3038,-5.6918507,2.748669
3039,10.114666,-7.9755387
3040,9.635073,-2.4685242
3041,14.110004,-0.83256626
3042,12.198251,-1.9884024
3043,-1.9628896,-1.5151274
3044,-5.2249136,-1.4817493
3045,7.9223146,0.8792181
3046,-6.2324095,-3.109475
3047,-6.700941,2.4646533
3048,3.7265887,-9.595868
3049,4.603491,-12.008725
3050,-5.3814135,3.1598115
3051,-6.4919443,-7.1988935
3052,-1.1100999,0.9561434
3053,4.6894894,-10.306727
3054,7.5698876,2.7249582
3055,-7.0908604,-6.1768255
3056,10.752176,-8.253322
3057,-0.20953318,-11.3309145
3058,13.203277,-1.6117498
3059,0.1700659,-11.825139
3060,1.1327982,-12.05932
3061,14.389723,-4.8490686
3062,10.83449,-2.2611272
3063,14.054791,-2.9318714
3064,-2.9894109,-9.912464
3065,-4.5092926,-4.4915814
3066,-0.28614995,-0.4288071
3067,16.30759,0.46893704
3068,-6.1774263,1.0346286
3069,-2.7674472,-1.7874469
3070,9.670189,-8.296392
3071,-4.127344,5.452147
3072,15.5458975,2.054903
3073,11.610446,2.661672
3074,10.679079,-7.18962
3075,-1.1510481,0.6514846
3076,-6.6033354,-4.511355
3077,-0.5667095,-1.5668781
3078,4.3208756,-12.049413
3079,14.193839,-5.20187
3080,-6.614993,-0.16795737
3081,5.928846,-10.697993
3082,0.57966125,-4.510985
3083,-2.6282766,-11.913036
3084,-6.534687,-10.012137
3085,-4.150678,4.014443
3086,-4.678259,5.962851
3087,10.26498,0.116596244
3088,12.947011,-0.07151537
3089,-2.1456664,-6.2019067
3090,-1.6075999,2.417463
3091,11.81936,-7.213303
3092,15.193033,0.52529615
3093,0.050173387,-6.303588
3094,-5.9684014,-9.23778
3095,-5.643596,5.879482
3096,-1.5297214,-7.8344116
3097,12.322559,-4.1154704
3098,-1.628571,-2.1412559
3099,0.44770068,0.45045358
3100,-1.209978,-0.8013802
3101,-4.791451,-6.098474
3102,1.4232979,-12.106785
3103,-1.9348874,-2.3826885
3104,16.486492,-0.07474023
3105,-6.4671493,-6.5502815
3106,2.5533757,-10.306209
3107,13.089414,1.1805325
3108,-3.9576828,4.597228
3109,-7.49195,-3.4288833
3110,0.061577365,-12.541939
3111,7.3170323,2.497195
3112,0.13053001,1.5923456
3113,0.622076,-3.1620667
3114,-6.180366,0.1437786
3115,14.575526,-1.7833048
3116,7.8106027,-11.028471
3117,16.112986,1.4757677
3118,-2.772026,-10.648835
3119,-0.45510328,-9.698229
3120,-4.266407,-4.3667817
3121,15.889206,1.5158738
3122,0.6973669,2.2359345
3123,6.011729,-11.056304
3124,9.709736,-9.995723
3125,-5.3600864,-0.84811836
3126,-4.848167,-5.93155
3127,-4.1420984,-4.5909843
3128,-3.7690916,-10.39309
3129,12.620862,-1.2950468
3130,-3.5498633,-9.534625
3131,3.8659296,-8.505643
3132,0.5188243,-12.721361
3133,9.173409,-1.7239547
3134,-0.46956992,0.47877243
3135,0.5934077,1.8493737
3136,16.56992,3.149355
3137,-0.5206773,-1.1499554
3138,-1.7576742,-3.5382485
3139,11.430124,-2.0260918
3140,-5.7069564,-6.7791586
3141,-5.2025557,6.460251
3142,-4.49112,-1.5861176
3143,-1.8553709,-1.0265955
3144,-4.3817825,-10.797867
3145,-1.2126951,-2.25673
3146,8.952411,2.9229984
3147,-2.0887315,-11.084482
3148,-6.0741544,2.7349465
3149,7.7742496,0.9653061
3150,-1.2683824,-4.0941277
3151,-1.9067389,-3.6267705
3152,15.340721,0.29274857
3153,-7.6585917,-4.574624
3154,16.339188,0.22647718
3155,-7.1570673,-1.4606501
3156,9.378669,2.3014126
3157,-6.8625937,-4.682911
3158,8.602324,2.290771
3159,13.759848,-3.5501974
3160,12.471027,-5.7229915
3161,11.066387,-7.487362
3162,13.42266,1.2234479
3163,12.204078,2.416932
3164,10.969937,-8.1705065
3165,-4.545472,-10.692336
3166,-6.9224515,-6.6297994
3167,14.225004,-5.155158
3168,12.333114,-5.9047604
3169,5.692998,-9.046155
3170,16.246225,-2.5563653
3171,-7.0147448,-7.94571
3172,-7.1109242,-0.82057416
3173,15.986908,0.65004593
3174,3.2283156,-11.541425
3175,-0.22226173,-6.0863976
3176,12.367379,-1.6226779
3177,14.328159,-1.3896133
3178,5.7378163,-9.899679
3179,16.282476,2.702237
3180,-7.314682,-1.5095963
3181,-3.314704,-1.8171692
3182,13.052976,2.4240746
3183,-1.6557636,-5.0640206
3184,10.409027,-9.699288
3185,-6.6076455,-3.2398741
3186,9.359949,2.542925
3187,-2.44181,-2.386476
3188,12.987874,1.615952
3189,-0.48640046,-2.2211928
3190,13.47778,-3.315637
3191,8.908288,-10.938851
3192,-5.3462,-10.4484
3193,-2.1600332,-12.272138
3194,-2.627105,-9.0926
3195,-5.052712,-6.489057
3196,-4.270067,-4.4764137
3197,8.641913,-0.049636867
3198,-6.4911804,-4.226542
3199,14.559086,2.336824
3200,-2.861194,0.3181338
3201,-0.29797468,-4.317455
3202,13.604496,3.2785935
3203,0.4135966,-4.1067114
3204,13.547302,-1.4690204
3205,-2.0401802,-11.868054
3206,-1.4458225,-12.237126
3207,-4.9910913,-10.776681
3208,-0.791407,-9.1524935
3209,3.3588245,-10.577836
3210,-7.2037516,0.25602725
3211,-6.64901,-9.14384
3212,12.036523,2.3496916
3213,6.032727,-12.094896
3214,12.288673,-6.9213457
3215,-2.389554,-0.65398026
3216,-1.7580879,1.1681048
3217,-3.7432704,-4.9503913
3218,13.285311,-3.4455905
3219,10.56354,-0.5682524
3220,-3.8492122,2.5550032
3221,-6.6391125,-9.449583
3222,-0.66941226,1.470599
3223,-6.3956895,-2.358646
3224,15.584306,-0.98876154
3225,5.714918,-11.450249
3226,13.1398,2.141272
3227,3.9966552,-11.682119
3228,-6.5943,1.0268036
3229,-2.5218227,-12.045711
3230,-0.14023669,1.1988226
3231,-2.787951,-1.6845
3232,3.4558036,-12.353335
3233,-0.5160683,-12.178642
3234,14.251579,-1.4558761
3235,13.802206,2.4220343
3236,14.418673,-2.5162747
3237,14.216998,-3.1221175
3238,14.098479,-5.12471
3239,16.455648,-2.73844
3240,-4.244008,5.7639318
3241,-6.8362703,-2.9744585
3242,-4.601401,-9.672452
3243,13.7579155,-4.6996536
3244,-2.182476,-6.3566666
3245,-2.044704,-2.5673912
3246,-4.522875,1.5795622
3247,-2.943813,-2.5603056
3248,-3.418645,4.0692697
3249,16.257074,0.47758147
3250,-1.9087474,-0.45021817
3251,1.051984,-4.3843713
3252,-0.91368794,-1.7740557
3253,10.89794,-8.77343
3254,-7.740646,-3.4870648
3255,-3.780006,1.1835085
3256,16.550741,0.843741
3257,6.090025,-12.252623
3258,15.967611,0.047111854
3259,-2.2519686,-4.641332
3260,-7.844967,-1.3613951
3261,7.569637,1.7976621
3262,14.522309,-3.4787793
3263,-1.7938876,1.6018554
3264,13.30823,-3.6978858
3265,7.5883756,-11.291033
3266,10.151966,-0.30629134
3267,1.0152522,1.3252654
3268,-5.6235547,-4.4078918
3269,-1.9902494,0.18737571
3270,-5.94458,-7.5054593
3271,10.388744,0.16040784
3272,0.9079349,0.23769736
3273,9.167896,-1.9037663
3274,-3.1329212,-0.8372476
3275,-5.815634,-9.958258
3276,14.49057,1.2235979
3277,16.126472,1.9646336
3278,7.644854,-10.815549
3279,7.1761017,3.0670524
3280,12.113952,2.8128908
3281,9.845794,-10.279844
3282,-4.8860774,6.3729563
3283,9.890264,1.1452053
3284,11.884755,-1.3723276
3285,15.021021,-3.4396355
3286,11.302698,-1.1549073
3287,5.482599,-12.464167
3288,3.672742,-12.105525
3289,-1.3831154,-0.10665352
3290,-6.4831886,4.193612
3291,-0.5933251,-2.406013
3292,4.2431264,-9.774342
3293,-0.5195904,-6.6413555
3294,-1.0568581,-1.8506601
3295,8.166337,2.6820326
3296,-5.9203267,-2.502439
3297,7.3875594,2.7511024
3298,10.875799,-0.6243821
3299,-1.450044,-1.9924579
3300,14.072605,-0.67207307
3301,-1.5013803,-3.2965946
3302,8.335867,1.0258512
3303,-1.8260947,2.218883
3304,-2.7406752,-2.1815455
3305,10.0197735,-8.5868025
3306,13.817577,-0.9815151
3307,8.435974,1.5751052
3308,2.2880764,-11.382366
3309,-5.5736904,-8.971195
3310,7.452691,3.0682907
3311,15.799887,-1.5070904
3312,13.913025,-0.9888924
3313,-0.4654328,-12.578619
3314,-3.3432624,-2.9542909
3315,-7.206646,0.763482
3316,13.544626,-1.6954249
3317,-5.47378,-8.49061
3318,5.696381,-10.522943
3319,-1.5187355,1.0256104
3320,-4.005667,4.6938014
3321,11.774111,-0.39956707
3322,-1.9361693,-2.3587945
3323,-6.3188148,-4.684399
3324,16.30027,3.5061982
3325,12.07843,-5.4315243
3326,13.947315,0.99476695
3327,-4.601328,-2.4764624
3328,8.383793,-11.441419
3329,5.433163,-9.953305
3330,0.33828914,-4.537891
3331,12.333296,-5.43408
3332,-6.392472,-6.2254257
3333,14.58621,3.2657416
3334,16.206848,3.262212
3335,-5.436334,2.4496636
3336,15.537478,-2.1194992
3337,-7.530072,-1.2005421
3338,-2.191054,-3.0485034
3339,-3.6617382,-10.953271
3340,-4.387085,-4.613728
3341,13.706256,-2.0435343
3342,5.5922647,-12.577757
3343,-6.028149,-7.1688395
3344,-5.865451,-1.5606704
3345,9.846793,-0.8520036
3346,10.162062,-9.433026
3347,11.648154,-0.92210037
3348,-2.0150142,-10.858693
3349,0.994505,3.1849763
3350,-5.2614284,5.4135246
3351,14.669431,0.6568964
3352,-1.8944612,-10.885928
3353,15.092295,-1.932023
3354,9.87051,-10.599439
3355,-3.4069169,-5.462816
3356,-0.28883255,-0.49220178
3357,-4.3733015,-0.9034227
3358,0.34280658,-5.690371
3359,5.263548,-10.861046
3360,-4.271804,4.426577
3361,14.560142,-0.20763761
3362,9.810016,-1.6178148
3363,3.3021958,-11.34993
3364,-5.806277,-3.366473
3365,9.704701,-9.809198
3366,11.002443,1.9456276
3367,0.4131513,-10.8411
3368,-1.1013172,-0.7155648
3369,2.534224,-9.896079
3370,0.2645642,-2.5821536
3371,2.9735928,-12.179144
3372,15.107025,2.0367472
3373,16.394438,3.3206658
3374,-5.999529,-6.7397375
3375,-5.2776713,-3.7873678
3376,1.8361919,2.4383516
3377,-0.7034553,-9.89308
3378,-7.886339,-5.728948
3379,-2.5661433,-5.2197523
3380,-5.749995,-0.59061366
3381,5.4077888,-10.388731
3382,11.201658,-0.8086011
3383,-6.9569535,-9.662557
3384,14.667865,0.051313654
3385,15.769802,1.9299641
3386,14.342075,1.5623528
3387,2.958919,-12.487622
3388,-2.0124502,-3.4562035
3389,-6.759908,-8.34941
3390,12.498353,-0.59221417
3391,9.614223,-8.5035925
3392,-0.27539673,-2.6503074
3393,6.3111243,-11.894206
3394,12.897718,1.7322884
3395,-5.960028,-7.512697
3396,-4.009487,-2.5502248
3397,-2.2735577,-1.5761548
3398,13.768477,1.81458
3399,-7.5029054,-3.405223
3400,14.290461,0.5791045
3401,10.926795,-6.4798446
3402,9.581814,-9.453538
3403,8.105376,2.8054607
3404,9.231699,-0.8222386
3405,14.921701,2.1099133
3406,-1.9966812,-11.5699415
3407,7.184749,0.39437652
3408,-4.515704,5.4230714
3409,-7.021489,-8.901948
3410,13.884493,0.43583533
3411,-4.9629073,-3.4524732
3412,5.5719056,-11.830131
3413,-7.08445,-4.0853653
3414,12.074435,0.0796184
3415,7.7204843,-11.817199
3416,15.820581,1.2978858
3417,9.445423,-1.8593457
3418,10.5093355,-2.244477
3419,-1.9889,-3.8437195
3420,12.694218,-0.4567186
3421,16.248137,-2.1341014
3422,15.866394,3.3341267
3423,7.188976,1.8381575
3424,-4.791206,-1.9319818
3425,14.752917,-4.0585704
3426,-7.4067025,-1.0937444
3427,-0.7978807,-7.336273
3428,0.6416818,-11.454174
3429,6.9459524,2.8363159
3430,-5.909653,0.25092715
3431,-6.7905054,1.1910905
3432,12.345454,2.941336
3433,-5.769926,-9.796288
3434,9.10516,3.3131702
3435,10.205444,0.7260869
3436,-6.1088333,-3.3868499
3437,1.5647836,0.7733357
3438,15.363366,0.5461408
3439,9.267899,-1.5755994
3440,-8.052834,-4.7822175
3441,-3.0259762,-10.646975
3442,-0.90190005,-0.8960732
3443,-6.3456187,-1.8953907
3444,8.938841,3.1282868
3445,-0.23583934,-4.390455
3446,2.0786614,1.997032
3447,-6.4525723,4.6807885
3448,15.7010355,0.19273996
3449,2.6842093,-10.221708
3450,4.1049614,-11.533735
3451,-0.8104454,2.124575
3452,-5.9572463,-7.91554
3453,-5.3061585,-9.556353
3454,-7.9306555,-1.0098174
3455,-4.9032493,-2.336301
3456,3.7915466,-9.005037
3457,13.304104,0.005548781
3458,-1.856186,-0.19798756
3459,12.064161,2.6367407
3460,12.919812,0.97283566
3461,15.177679,3.341898
3462,8.679117,0.69978887
3463,0.78763306,-1.3415072
3464,0.255065,-2.8310716
3465,-3.3784604,-2.0182092
3466,8.231375,3.0284896
3467,-0.52819103,2.382759
3468,16.66279,-0.17150563
3469,-0.48073828,-7.0016923
3470,-7.564998,-1.7553401
3471,14.912769,1.851564
3472,11.7631855,-6.4581466
3473,-0.79248375,-7.202357
3474,-4.656089,5.7413735
3475,-4.1106024,2.5895667
3476,-0.7080814,-2.1716895
3477,-6.064285,-3.2329545
3478,-0.4537531,-5.389263
3479,9.892417,-1.8013475
3480,14.208439,0.10403418
3481,-5.862078,-6.3971987
3482,15.48415,-1.423663
3483,-5.8597846,2.7455494
3484,7.160467,2.5011442
3485,-3.3338132,4.9617143
3486,-2.931489,-0.85390294
3487,15.428999,-2.5308423
3488,-1.7069442,-6.2111387
3489,-3.5693038,5.2547665
3490,10.416424,3.036542
3491,-6.867304,-8.506385
3492,10.98069,-8.235664
3493,-1.6930125,-11.220378
3494,-4.526908,-1.9954004
3495,-5.339622,-2.8248384
3496,3.3626623,-9.435429
3497,-3.9131339,-3.8084514
3498,0.022471447,-12.715338
3499,14.948602,-0.5682265
3500,-4.55823,-4.3871427
3501,-2.2461438,-11.291083
3502,11.003682,-2.4073367
3503,-1.4060738,1.4237087
3504,-0.85197407,-11.190709
3505,11.41399,-7.4256954
3506,8.573714,0.9073608
3507,10.378389,-9.0696535
3508,-3.261037,-11.772885
3509,-1.5808307,-6.0916452
3510,-5.547164,-9.76637
3511,7.6055036,2.704242
3512,-1.2268636,1.2155687
3513,14.800375,-1.5332915
3514,0.33351758,2.384332
3515,2.9916217,-10.930483
3516,13.683244,-5.05735
3517,14.774405,-3.7002645
3518,14.316875,-4.8025727
3519,-0.923925,-4.331498
3520,-4.7275887,-1.2345443
3521,13.067695,-0.37269405
3522,0.89091605,-11.109936
3523,-7.077917,-5.9098525
3524,-3.0539646,-11.631998
3525,-6.079273,-9.859634
3526,-0.1631239,1.5512997
3527,4.34292,-10.24068
3528,0.380463,-3.5698688
3529,-5.2236238,2.4096782
3530,-3.5200243,2.313475
3531,15.140535,3.078962
3532,-6.281677,1.1245818
3533,2.0912888,-11.203359
3534,-3.7205377,-10.451244
3535,-6.447043,-2.7117062
3536,3.395433,-10.013617
3537,14.958113,-4.5022273
3538,14.50834,-4.56665
3539,-7.013364,-6.219166
3540,1.0073733,-0.0029146927
3541,11.290334,-1.1046708
3542,-2.905301,-10.855955
3543,-3.6047323,-11.117535
3544,-6.200865,5.86945
3545,11.004009,-6.3531594
3546,14.7983,-4.2693257
3547,14.685299,3.0693061
3548,-1.7211828,-4.719893
3549,-0.36013466,-11.938959
3550,3.1260457,-9.746236
3551,1.7816641,-3.2859766
3552,12.191808,-5.8988547
3553,10.336371,-8.586771
3554,-1.2092583,-1.4911547
3555,9.708359,0.32680362
3556,-6.498756,-5.824477
3557,14.2866535,0.12964293
3558,-6.2320843,-9.134268
3559,4.199003,-11.639247
3560,-3.1200268,-8.358683
3561,13.917493,-1.8864557
3562,-1.2023551,-8.691649
3563,-4.4687595,-0.39289054
3564,10.022465,-1.2250205
3565,0.21604237,0.5283834
3566,-6.65808,-9.9434595
3567,13.893004,2.0016549
3568,15.556348,2.7058342
3569,-6.15487,-1.6806601
3570,-5.055611,1.5315925
3571,0.44730356,-3.3477812
3572,8.9176855,1.5773975
3573,9.610307,0.46970615
3574,12.520715,-6.6772137
3575,6.929779,-11.270995
3576,13.410812,3.0541148
3577,2.6038277,-11.704433
3578,11.742569,3.0581176
3579,0.89506614,-1.9620795
3580,-0.66001314,0.8949158
3581,4.576948,-12.24233
3582,-6.533401,-6.666819
3583,1.3823481,-4.1240864
3584,-5.6055837,-2.3589444
3585,1.8695316,0.616436
3586,-3.8664193,-2.9639695
3587,2.7409499,-12.07381
3588,11.971243,-0.6166993
3589,11.614045,2.685002
3590,-7.0407534,-7.3688254
3591,5.665246,-11.202956
3592,14.569983,-1.990734
3593,-0.49180058,-5.6893086
3594,-0.97831064,-2.8851955
3595,1.5322549,-10.823799
3596,2.5637364,-12.277322
3597,-4.957159,-1.1577126
3598,-4.1403003,-3.294769
3599,6.6520867,-10.820226
3600,-5.744416,-4.8586316
3601,16.20024,1.3139625
3602,-5.3956957,0.9732791
3603,10.08552,-9.6049385
3604,0.13575791,-4.0794616
3605,8.401283,1.9923357
3606,15.967433,-1.8852926
3607,1.506215,-11.339244
3608,1.4125894,-12.307708
3609,2.9041758,-9.79226
3610,-7.274167,-7.5888276
3611,15.312618,0.9885092
3612,-2.8598166,-11.504433
3613,14.843957,1.5777454
3614,7.549597,-10.92269
3615,-0.63842064,1.23546
3616,0.43416378,2.0039523
3617,-1.0340221,-3.6997566
3618,-6.179986,-4.182109
3619,-5.8797016,-5.389969
3620,14.616587,3.6994827
3621,3.0054636,-10.718756
3622,-5.815845,-3.7223155
3623,-6.024514,-3.4329352
3624,-4.3593683,-4.0365777
3625,16.207144,-1.3801178
3626,9.242294,1.4231691
3627,-3.7433784,-3.3180494
3628,-4.1697164,-9.621726
3629,13.882438,2.39501
3630,15.357954,0.11569201
3631,-6.599377,2.5658472
3632,-1.3566395,-10.683122
3633,-5.8747396,-6.985609
3634,12.009731,1.315112
3635,-6.4360895,-9.348723
3636,0.25625542,-5.3383636
3637,11.500917,-0.58308464
3638,12.065275,0.5163453
3639,-8.041743,-5.7027473
3640,2.2106955,-10.0879345
3641,0.043659925,-2.8433225
3642,7.464579,2.9217281
3643,-4.2829714,-3.2802103
3644,4.4883943,-8.490493
3645,-6.703405,-7.571882
3646,0.5746161,2.9877517
3647,13.833728,-3.1625626
3648,11.469975,-0.78942907
3649,-6.638797,-4.6907125
3650,12.423826,-4.7168875
3651,0.28691396,-11.342607
3652,-4.1597,-10.873977
3653,15.289364,3.3799396
3654,1.18615,-12.424245
3655,11.337772,-8.436196
3656,16.571062,0.591253
3657,9.777757,2.1537073
3658,14.018029,2.633914
3659,-6.9668193,-7.7973537
3660,-5.017367,4.9858737
3661,10.750264,-7.4416885
3662,0.9471207,-0.48154688
3663,14.90057,-1.9984533
3664,15.0647955,-2.317918
3665,8.104469,2.1650171
3666,-5.941247,-1.6836214
3667,13.24468,1.3825046
3668,9.381971,2.3416598
3669,-6.009377,1.6095413
3670,1.7840496,0.42039025
3671,-5.6066895,6.0835776
3672,14.81226,2.9894803
3673,1.5152223,-4.137074
3674,-3.4002395,-9.694206
3675,13.757434,-5.2966843
3676,13.7268305,2.8634646
3677,12.918602,1.2217859
3678,0.47003695,-2.2864585
3679,9.008785,-2.0733297
3680,9.994778,-10.189907
3681,-6.356937,-1.4748602
3682,0.586066,-2.438735
3683,-0.51669556,2.0453024
3684,8.228538,0.8362797
3685,-3.8655772,5.963379
3686,16.566696,3.0606606
3687,4.721999,-11.038661
3688,11.265512,-6.677832
3689,-4.379215,-1.2956395
3690,-5.8212047,-3.1167047
3691,-5.999398,-7.2128053
3692,4.781079,-9.392418
3693,12.524205,0.53107363
3694,1.2411107,1.0411043
3695,-2.2395535,-5.0156245
